N_Client,Nom_Client
--------,----------
3585,EIFFAGE CONSTRUCTION
6243,ALLAYRAT
19185,MAIRIE DE SAINT GRAVE
11917,EPADESA
19188,BRETAGNE SUD HABITAT
19189,MAIRIE DE BOUGUENAIS
19190,DISP DE RENNES
22628,EIFFAGE TP
18050,SNCF - CAI SUD OUEST
9071,AREVA NP
9073,RENAULT SA
22585,VILLE DE ST ROMAIN DE JALIONAS
22683,VILLE DU RELECQ KERHUON
22696,HOUYVET AURêLIEN
18252,SEM SEDEV VARS & CREVOUX
23695,CICO
18320,EDF OPTIMAL SOLUTIONS
18653,CONSEIL DEPARTEMENTAL DES HAUTES ALPES 05
3618,AMOME CONSEILS
3633,CASINO RESTAURATION
22654,CENTRE COMMERCIAL CORA
22666,MR ZADROZYNSKI PIERRE
22708,CC DE BIEVRE EST
22753,SYTRAIVAL
870,CONSEIL REGIONAL MARTINIQUE
18122,DRIEA IF AGER OUEST
875,ESCOTA
18123,DIRIF
9112,SNCF DIRECTION DE L'IMMOBILIER NORD
9114,SNCF DIRECTION DE L'MMOBILIER IDF
22579,VILLE DE HUNINGUE
22588,CA BOURGES
22722,LORIENT DEFENSE
22721,MAIRIE DE LIBOURNE
22723,SMGETU
3651,GFC CONSTRUCTION
6312,MAIRIE DE GENAS
6314,MAIRIE DE GREZIEU
9127,RTE CDI LYON
21192,CBI
19450,MAIRIE DE DINEAULT
19451,MAIRIE LE LANDREAU
19452,VALLOIRE HABITAT
19453,OPH FIRMINY
19456,GRTGAZ
19457,COLOMBES HABITAT PUBLIC
19459,HOPITAL LOCAL DE CHATEAUNEUF
22678,OBJECTIF HORIZON
22850,SCI DE LA GRANGE
23158,MANDATAIRE TERRA 13
902,MAIRIE DE CROLLES
18147,EDF OPTIMAL SOLUTION
18172,SEEF
18173,NIEVRE HABITAT
19532,COMMUNAUTE DE COMMUNES TUDE ET DRONNE
6330,MAIRIE DE POISY
19864,KERMARREC PROMOTION
22669,MAIRIE DE BRECE
3680,LOGIREM
3683,MAIRIE DE NICE
6335,MAIRIE DE REYRIEUX
6342,MAIRIE DE SAINT BONNET DE MURE
9157,PROCME
20089,SECIB
20097,PUBLIEMBAL
22676,COMMUNE DU PELLERIN
23028,NE63 - NOX ENERGIE AUVERGNE
23029,NE61 - NOX ENERGIE BOURGOGNE
23030,NE65 - NOX ENERGIE RHONE ALPES
23031,NX70 - NOX FRANCHE COMTE
6349,MAIRIE DE TOURNON
6350,MAIRIE DE TREVOUX
6353,MAIRIE DE VAULX EN VELIN
936,MAIRIE DE BRON
6371,LYON METROPOLE HABITAT
9177,MAIRIE DE SAVIGNY LES BEAUNE
19533,UDAF 16
19534,MAIRIE MILIZAC
19536,INSTITUT DE GESTION SOCIALE DES ARMEES (IGESA)
19537,MAIRIE DE NUILLE SUR VICOIN
19538,MAIRIE LES CHAMPS GERAUX
19539,CARSAT BRETAGNE
19540,VILLE DE NIMES
19541,CAF GUINGAMP
19542,CAF DES COTES D'ARMOR
19544,LYCEE CHATEAUBRIAND
21187,SUDECO
970,MAIRIE DE SALAISE SUR SANNE
21588,VILLE DE REZE
21589,VILLE DE LA BAULE ESCOUBLAC
19072,SOCI+T+ GOUPILLE LANDRIAU
19074,ENTREPRISE LE LOUARN
19075,USID ROCHEFORT
19077,GESTRIMELEC
979,SAPN
21600,SONADIVE
21611,CONSTRUCTION COTE D'EMERAUDE
991,CD 67
21617,MAIRIE DU BIGNON DU MAINE
19939,COMMUNAUTE DE COMMUNES BAIE DU MONT SAINT MICHEL
19942,DONADA
19947,CREDIT AGRICOLE D'I & V
21633,SCI JEFFLO - SCI PENELOPE
21634,SIMAGOT
20151,MINISTERE DES AFFAIRES ETRANGERES
18178,POLE AZUR PROVENCE
18238,RAZEL BEC
1023,NEOLOR
21647,GCA
20326,SARL LDM
20329,GROUPE DE WATOU
9257,SPIE EST
22765,ATLANTIC AMENAGEMENT
23705,ORANGE 33
22780,MCE OUEST
23512,HOPITAL DE BELNAY
21667,OGEC
21669,GSM
9259,SIVU DE GENOTTE
9263,ORVITIS - OFFICE PUBLIC DE L'HABITAT 21
20448,SCI ROCHEBELLE
20286,POLE EMPLOI BRETAGNE
21688,GAMBETTA
21689,PARKER HANNIFIN MANUFACTURING FRANCE
19079,ASSOCIATION L'ARCHE EN CHARENTE
9280,COMMUNE DE DOMECY SUR CURE
19346,IDEFHI
20400,MAIRIE D'YVRE LE POLLIN
17551,SNCF DIRECTION REGIONALE PCA
20408,CENTRE HOSPITALIER DE JONZAC
22728,SOBOTRAM / CRISSEY
22739,GROUPE BENAMOR 
22748,GIE CREDIT COOPERATIF
22755,SMB
22768,COMMUNAUTE AGGLOMERATION SOPHIA ANTIPOLIS
1059,SODEVAM
18693,T-MIX
21692,VILLE DE GARGES LES GONESSE
21694,SNEF NANTES
21697,CLIMIX
21704,LA COMPAGNIE DE FORMATION
9283,RTE GENERIQUE GIV CX632C4011
19081,GRAIN DE MALICE
19082,DODEMAN DENIS ARCHITECTE
19085,SCI LA ROCHELLE 35
19086,CARREFOUR PROPERTY GESTION
19087,ARCHITECTE DOMINIQUE NICOT
18311,VILLE DE ROUEN
1072,METZ METROPOLE
18640,COMMUNE DE SANTENAY
3732,SCHNEIDER
21706,ALTAREA COGEDIM
21707,SNC COGEDIM RESIDENCE ON
21708,SDIS 78
21710,ARCHITECTURE FARDIN
21711,LAINE DELAU
21712,ALBINGIA
21717,ATHESIS
19347,PREFECTURE DU FINISTERE
19349,HABITAT 44
19350,COMMUNAUT+ DES COMMUNES DU BOCAGE MAYENNAIS
19351,SGAP OUEST
21721,ABBAYE BENEDICTINE MAUMONT
21724,DEGAINE
21725,SCI 333
21726,VALCOR
21727,THOUEMENT
21728,ENTREPRISE BOUGAUD
21730,PACAULT
21731,BASE AERIENNE 721 - ROCHEFORT
22245,PAREF SA
22246,UNION INVESTMENT REAL ESTATE GMBH
22251,LA MONDIALE
14815,GAUTIER
19802,MAIRIE DE LA JUBAUDIERE
1098,SYNDICAT INTERCOMMUNAL ASSAINISSEMENT LONGWY
3760,VALENCE ROMANS DEPLACEMENTS
18675,CARREFOUR PROPERTY
21733,SCCV SOPPIM PAYS DE LOIRE
21734,GEIREC
21736,SAS MARCEAU CONSTRUCTION
21739,EDOUARD DENIS
21741,SCA OUTRE RADE SANTE
21742,SCI OCEANE
21743,MAIRIE ILE D'ARZ
22268,UBS REAL ESTATE KAG
22272,AEW  EUROPE
22276,VIRGIN STORES
19353,OSICA
21755,L'ARCHE LES SAPINS - ESAT
21756,MASSYRED
21757,BEGUE PEYRICHOU GERARD
22369,PATRIMONIA ST DENIS C/O TELMMA
1120,RENAULT TRUCKS
1128,COMMUNAUTE COMMUNES VAL DE MOSELLE
3782,ALSTOM GRID
18656,CAISSE D'EPARGNE COTE D'AZUR
19545,CALITOM
22385,BNP PARIBAS REAL ESTATE
22390,CHAMPGUEFFIER
22395,MARCEAU CONSTRUCTION
19354,BATIGERE ILE DE FRANCE
19356,COMMUNE D'ABLON SUR SEINE
19357,DECATHLON - LANNION
19358,DDE DE L'EURE
18199,COMMUNE DE MONTAUVILLE
18643,ISERE AMENAGEMENT
6554,SOVAB-RENAULT
19360,MAIRIE DE PARIS
20927,SARL LANVAUDANAISE
1145,COMMUNAUTE COMMUNES AGGLOMERATION SARREBOURG
1158,RENAULT VILLIERS ST FREDERIC
3827,CCI NICE COTE D'AZUR
18690,VILLE DE CHALON SUR SAONE
18691,GRAND CHALON
19547,MAIRIE DE GOUSSAINVILLE
19548,THE KASE
19549,ORANGE
19550,SYNDICAT DES EAUX DE LA HAUTE VILAINE (2014)
19551,COMMUNAUTE DE COMMUNES ILE DE RE
19552,MAIRIE DE ST BERTHEVIN
19706,E.M.C.
19711,LYCEE BREQUIGNY RENNES
1183,SAREL - SAS
3846,CNRS - VILLEURBANNE
19553,COMMUNE DE CHEVANCEAUX
21243,VILLE DU CROISIC
20913,LA MONDIALE
19558,MAIRIE ST THEGONNEC
19559,MAIRIE LOCQUIREC
19362,SAMO GROUPE SNI
19364,MAIRIE DE MAGNY
19365,HABITAT 29
3880,LA POSTE
20911,CHAINE THERMALE DU SOLEIL
1222,COMMUNAUTE COMMUNES VALLEE HUNDSBACH
19560,COMMUNE DE PLUMELEC
19368,ICF ATLANTIQUE SA D'HLM
19370,COMMUNE DE LA VRAIE CROIX
19371,CAMAIEU INTERNATIONAL SAS
19372,HAPPYCHIC GROUP
19373,IDGROUP
19374,GROUPE BEAUMANOIR
19375,TAPE A L'OEIL
3897,SICECO
19808,COMMUNE DE SAINT LUNAIRE
3914,APIJ
19376,MAIRIE DE PLESSIS GRAMMOIRE
3919,DEPARTEMENT DE LA COTE D'OR
3923,CAISSE DES DEPOTS
22187,COMMERZ REAL
3940,CONSEIL DEPARTEMENTAL 77
3942,OFFICE AUXERROIS DE L'HABITAT
19561,SAFI
19562,CONCARNEAU CORNOUAILLE AGGLOMERATION
19563,VANNES AGGLO
19564,MAIRIE DE VAIGES
19566,MAIRIE LA FOREST LANDERNEAU
19378,COMMUNE DE BENON
19379,ADIM OUEST
19384,LA POSTE CHARENTE
19385,DIRECTION DEPARTEMENTALE TERRITOIRES D'ANGOULEME
3946,REGILAIT
22204,PROTHIN SAS
3960,ATS INGENIERIE
19567,MAIRIE DE LANNILIS
22231,SCI VENDOME BUREAUX
22232,AXA INVESTMENT MANAGERS DEUTSCHLAND GMBH
22234,SCI LE BRISTOL XII
3981,AREP
3984,MGE UPS SYSTEMS SAS
3990,B PACK
1235,CHEREAU SAS
3994,SNCF
20519,MAIRIE VILLEPAIL
1254,COMMUNAUTE COMMUNE PAYS DES ETANGS
4006,ARKEMA FRANCE
4012,DCB INTERNATIONAL
4013,MINISTERE DE LA DEFENSE
4017,BAUDIN CHATEAUNEUF
19951,FENETRE A
20158,CENTRE HOSPITALIER DE RUFFEC
1257,LIDL SI‘GE
1263,SCHOTT
1265,CA PORTES FRANCE THIONVILLE
4019,ALSTOM TRANSPORT
20450,SCCV LA COURROUZE D09
20525,MME FIQUET SOPHIE
4037,EDF
19093,HY-NUTRITION
19097,SCCV SYNERGIA
19098,SOCOMORE
19101,CHESAPEAKE
1283,ARCELORMITTAL FRANCE
18679,DIR MEDITERANEE
19193,VILLE DE PARIS
19954,SNC KAUFMAN ET BROAD
19956,GROUPE LAUNAY
18307,SI POUR LA GEOTHERMIE
18800,REGIE DES REMONTEES MECANIQUES DE LANS EN VERCORS
22260,REDEVCO FRANCE SERVICES
12403,IKEA
21021,COLMABU SAS
6768,MAIRIE DE HAUTE RIVOIRE
6771,PINGUELY HAULOTTE
1360,ENTPE
19196,CONSEIL DEPARTEMENTAL D'ILLE ET VILAINE
19197,VILLE DE RENNES
19198,CALVADOS HABITAT
19199,COMMUNE DE CHERMIGNAC
19200,MAIRIE D'OLIVET
19201,EADM
19202,HABITAT 35
6820,MAIRIE DE SAINT PRIEST
6826,CA DU GRAND BESANCON
6828,MAIRIE DE SAINT LAURENT DE MURE
20493,CFA GRAND OUEST
22663,SCI DU CREDIT COOPERATIF
22729,SOGOOD
22773,INGERIS CONSULTING
21008,TELELEC RESEAUX
18309,EDF FLAMANVILLE
1417,VINCI CONSTRUCTION
18485,VILLE DE COURCOURONNES
6853,CC DU PAYS DU GRESIVAUDAN
19203,CONSEIL DEPARTEMENTAL DE LA SARTHE
19204,ARCHIPEL HABITAT
19205,PARC NATUREL REGIONALE DE BRIERE
19206,MORLAIX - SALLE OMNISPORT
19207,UNIVERSITE DE RENNES 1
19209,VITRE COMMUNAUTE COMMUNAUTE D'AGGLOMERATION
19210,EMERAUDE HABITATION
19386,EDF - DPIT UP CORDEMAIS
22781,COMMUNAUTE AGGLOMERATION TOULON PROVENCE MEDITERRA
22790,DEPARTEMENT DE LA CHARENTE MARITIME
22901,MAISON FAMILIALE DE PROVENCE
22980,VET'CLEAN SARL
23007,MAIRIE DE CHASSENEUIL SUR BONNIEURE
23019,CC DES VALLEES D'AIGUEBLANCHE
18235,MAIRIE DE SAINT GENIS POUILLY
19716,MMA
20586,CENTRE HOSPITALIER CAMILLE CLAUDEL
20589,C.C.A.S. DE BRIGUEUIL
4095,COMMUNE DE BELFORT
18684,MEPSO
22291,AOS FRANCE
23650,CC ARDRE ET CHATILLONNAIS
23658,MONSIEUR BUIN
23676,COMMUNE DE VERRIERES
23677,CC D'AUBERIVE VINGEANNE ET MONTSAUGEONNAIS
23678,COMMUNAUTE URBAINE DU GRAND NANCY
18815,STARNET MOLDOVA
22299,ABERDEEN IMMOBILIEN KAPITALANLAGEGESELLSCHAFT
23720,SNCF RESEAU - SCP - CFO
23742,COMMUNE D'ENNERY
23652,IMMO CONTROLE
1465,QUALICONSULT
22310,SCI BERTE
22316,NOVAPIERRE 1
23206,PREFECTURE DE LA CHARENTE MARITIME
23209,SCI CEDAYA
23210,CONSORTS MAHE
23223,SAS IMMO KOUTIO
23230,COLLIERS  INTERNATIONAL
23250,CONSEIL DêPARTEMENTAL DU VAL D'OISE
23255,CENTRE HOSPITALIER DE SAINTONGE
23278,GALERIES LAFAYETTE 
23287,MAIRIE DE CHALINDREY
23295,COMMUNE DE LESSAY
18286,ANIREF
18733,UNIVERSCIENCE
18749,POSTE ROUEN
19482,ARC PROMOTION BRETAGNE
19884,CHATEAULIN DISTRIBUTION
22326,DEKA EQWATER SARL
22327,CREDIT FONCIER IMMOBILIER CONSEIL ET AUDIT
23728,MAIRIE DE LANILDUT
18298,MAIRIE DE RUMILLY
18328,GANOVA
21541,BOUTHEON / ST BONNET
23236,CELEX
23251,VILLE DE SAINT-AMAND-LES-EAUX
23297,CONSEIL DEPARTEMENTAL DES VOSGES
23307,TOTAL/NANTERRE
23319,GROUPE BERTO 77
23326,EIFFAGE CONSTRUCTION ILE ET VILAINE
23336,COMMUNE DE MONTCHANIN
23338,EDF-CENTRE NUCLEAIRE DE PRODUCTION D'ELECTRICITE 
23345,HOTEL LA BOULE D'OR
23354,SNCF MOBILITES - CSP - CFO
18233,SEM VALLOIRE
22352,SDC 18 RUE DE LA VILLE L'EVEQUE
23648,MAIRIE DE ST GILDAS DE RHUYS
23653,COMMUNE DE TRESSANGE
23684,RENAULT TRUCKS DEFENSE
23733,GRAND BESANCON HABITAT
23686,SUDECO
18253,SNCF POLE INGENIERIE NANTES
20331,MAIRIE DE BREC'H
20332,SCI BRUVER IMMO
9737,KOSTT
9740,REN INVESTISSEMENTS
9742,MINISTERE DE DEFENCE- UM 02523
23347,CA LES PORTES DE L'ESSONNE
23348,VILLE DE MEAUX
23362,COMMUNE DE BOOS
23368,SCI PRONY BUREAUX
23372,BRION BENOÿT
23376,COMMUNE DE ROHAN
23377,MAISON DE RETRAITE LA GACILLY
23380,UNIVERSITE STRASBOURG
18694,CD 26
18914,SOLETANCHE BACHY RUEIL
19483,ESPACE DOMICILE
19486,COMMUNAUTE DES COMMUNES DE LOC'H
19487,EDF TOURS
19488,DARTY STE SOULE
19489,CROUS DE RENNES
19490,MAIRIE DE SAINT MALO
6971,CONSEIL DEPARTEMENTAL 01
6974,IRH INGENIEUR CONSEIL
23651,LOGIS CEVENOL - OPH ALES AGGLOMERATION
23718,VILLE DE CHARLEVILE MEZIERES
23654,MAISON DE RETRAITE DE LA SOULTZMATT
23719,MAIRIE DE SAINT JUST CHALEYSSIN
23657,COMMUNAUTE DE COMMUNES DU PAYS DE LIVAROT
23721,CC DU GRAND LANGRES
23593,DINARD MARKET SPAR
23595,VILLE DE COLMAR
23597,SNCF HELLEMMES INFRAPOLE NORD EUROPEEN
23598,VILLE D'ACIGNE
23599,ORANGE 
23605,NEXITY QUIMPER
23607,DLJ GESTION
23609,HAUT DE MER SARL
23610,SARL SUPERETTE DE RECOUVRANCE
1544,STI
18290,EDF DIRECTION IMMOBILIER GROUPE
21583,VEOLIA EAU
19102,CHAMPTOCE DISTRI
23178,VILLE DE MONTCEAU-LES-MINES
23188,MAIRIE DE ST MEDARD SUR ILLE
23189,COMMUNAUTE DE COMMUNES PAYS BELMONTAIS
23190,DINAN COMMUNAUTE
23191,COMMUNE DE BELLEVAUX
23193,SARL UJAC
23198,RESEAU CANOPE
23382,CENTRE DE REEDUCATION SPECIALISE ST LUC
23384,COMMUNE DE EPERNAY
23179,MAIRIE DE PUY GUILLAUME
23182,COMMUNE DE ORIGNOLLES
23357,STUDIO ORY
23375,PROMOLOGIS
23388,SDEDA
23389,EHPAD LEGAY COLIN
23392,COMMUNE D'AGGLOMERATION EPINAL
23394,COMMUNAUTE COMMUNE LORRAINES DU LONGUYONNAIS
23395,CONSEIL DEPARTAMENTAL ILFOV
23594,DEPARTEMENT DE LA SEINE SAINT DENIS
23596,SAS SAVOIE
23602,DEPARTEMENT DES BOUCHES DU RHONE
23606,SIVOS DE SANCEY
23608,COMMUNAUTE DE COMMUNES SUD EST DU PAYS MANCEAU
23611,MAIRIE D'AZE
23622,COFINIMMO SA SUCCURSALE
23623,COMMUNE DE GRAND FAILLY
23624,CHAMBAUD ARCHITECTES
18393,NIEVRE AMENAGEMENT
1564,THERMODYN
21654,VILLE DE SAINT HERBLAIN
21660,ENTREPRISE SDEL JANZ+
6989,MAIRIE DE SAIN BEL
19212,BOUYGUES IMMOBILIER
19213,CONSEIL REGIONAL DES PAYS DE LA LOIRE
19214,GUINGAMP HABITAT
19215,OPH DE L'ANGOUMOIS
19216,COMAGA
19217,MINISTERE DE L'ECONOMIE ET DES FINANCES
19218,BREST METROPOLE HABITAT
19219,SNCF
19220,CENTRE HOSPITALIER DE REDON
19221,REGION BRETAGNE
19222,SAEML TERRITOIRES CHARENTES
19387,DEPARTEMENT DE PARIS
19388,DEPARTEMENT DES HAUTS DE SEINE
19389,CIAS OUEST RENNES
19393,SCI BP RENNES
23374,SARL AOC
23711,SAS SAINTE  BARBE 
23729,MAIRIE DE GRANVILLE
23731,SAEML SCIENTIPOLE AMENAGEMENT
23746,LINGCITY ILE DE FRANCE
23600,MAIRIE DE MANDEREN
23626,CC DU PAYS DES ETANGS
23628,CSBI - MAIRIE DE GIRECOURT
23629,ICAM
23630,CONSEIL DEPARTEMENTAL DES COTES D'ARMOR
23632,MAIRIE DE LANCIEUX
23634,COLMAR AGGLOMERATION
23638,VILLE DE VOUZIERS
23643,MAIRIE MONTIGNAC
23646,DIRIF OUEST
21759,BERTO
21760,ATELIERS MARS
21765,LEROY MERLIN BUCAREST
7010,BIOTEC
23722,DU HAUT CLUZEAU SNC
23723,HYPOCRATE DE LA SALETTE SARL
23385,VILLE DE MOULINS LES METZ
23386,CONSEIL DEPARTEMENTAL DE LA MARNE
23387,CHU DE REIMS
23601,ADENT ARCHITECTURE
23603,OGEC LE LIKES
23604,CC BEAUJOLAIS PIERRES DORêES 
23612,ISII SAS
23614,MAIRIE DE KOUIBLY
23615,MAIRIE DE BONDOUKOU
23616,SAAD
23617,PETROCI
23618,CENTRE DES IMPOTS COTE IVOIRE
23619,MINISTERE DES SPORTS ABIDJAN
23620,MINISTERE DE L EDUCATION NATIONALE BASSAM
23631,M. LAIGNEAU
18611,COMMUNAUTE DE COMMUNES DU PAYS DE NUITS ST GEORGES
18613,EPAURIF
18242,SNCF GARES ET CONNEXIONS RENNES 35
18769,AMETIS PROVENCE ALPES COTE D'AZUR
18776,BE LOUIS CHOULET
19104,EUROLEV
19105,GUIHENEUF ET FILS
23625,HELEXIA
23633,REGIE DES SAISIES
23645,CAMTEX
23663,VTG FRANCE SAS
23666,MAIRIE DE SAINT YRIEIX SUR CHARENTE
23671,TETHYS
23674,VILLE DE DAMBACH LA VILLE
23675,ECDM
23679,VILLE DE REVIN
23680,SAS SHEMA / FONCINVESTIS
23683,ETABLISSEMENT DE SANTE MENTALE
18275,COMMUNE DE QUETIGNY
4248,EUROPEAN COMMISSION LIAISON OFFICE TO KOSOVO
18875,MAIRIE SEREZIN DE LA TOUR
18878,V2G PAYSAGES
7028,SYNDICAT INTERCOMMUNAL D'ASSAINISST BREVENNE
7030,VIENNAGGLO
19655,GALLAIS CLAIRE ARCHITECTE
23636,COMMUNE DE AZE
23637,SNCF / SAINT DENIS
23639,AGILIS
23640,DIAR EL MADINA
23641,ID WAD
23644,COMMUNE DU BOIS D OINGT
23656,EHPAD "LES HESPERIDES"
23682,DEPARTEMENT DE LA MEUSE
23690,GROUPE LEGENDRE
23691,COMMUNAUTE DE COMMUNES CANTON ST PIERRE EGLISE
18431,COMMUNE D'AUGNY
18697,SNCF - DIRECTION DES PROJETS FRANCILIENS
4264,SNCF - GARES & CONNEXIONS
7041,MAIRIE DE BOURG EN BRESSE
7043,CC DES VALLONS DU LYONNAIS
23659,COREVA
23660,AXE ET COURBES
23661,MAIRIE DE ROQUEVAIRE
23662,COMMUNAUTE DE COMMUNES ALPES D'AZUR
23665,KLEPIERRE
23667,DOMANYS
23668,MON LOGIS - GROUPE PLURIAL
23672,BS INVEST HOLDING ET DIAR EL MADINA
23706,VILLE D'ECULLY
4293,REGIE D'IMMEUBLES NEYRAT
22824,DYNAMIQUE FROID SERVICE
18304,LAITA
18313,SNCF GARES ET CONNEXIONS PARIS 12E
18324,DROME AMENAGEMENT HABITAT
18725,CC LE TONNERROIS EN BOURGOGNE
4305,CONSEIL DEPARTEMENTAL 42
7082,INDUSTEEL FRANCE
19110,LEA ARCHITECTES
19111,SCCV MANOX 1
4309,CONSEIL DEPARTEMENTAL 69
18740,TRANSPORTS GUISNEL
21170,GARNIEL BATIMENT
18738,CENTRAL FINANCE AND CONTRACTS UNIT TURKEY
18722,KEDGE B S
18723,AEROPORT DE LA COTE D AZUR
18724,SAN OUEST PROVENCE
18742,AXEO FM
18744,STEMCOR/ST PRIEST
18761,INEO RESEAUX EST - CRISSEY
4341,BRGM
19491,MAIRIE DE LOUVIGNE DU DESERT
21349,MAIRIE DE TILLOU
21352,MAIRIE DOUZAT
18284,IFSTTAR
18285,COMMUNE DE CHATOU
1707,CONSEIL DEPARTEMENTAL 21
18770,AFUL
18791,SAGETS
18793,REGIE MONTGENEVRE
4354,RENAULT NISSAN GUYANCOURT
4355,UNIVERSITE DE LYON
21774,CONSEIL DEPARTEMENTAL DES COTES D'ARMOR
9914,CENTRE HOSPITALIER SAINTE ANNE
21161,ADAPEI LES PAPILLONS BLANCS
18810,DINA MACHEDON
21797,MAIRIE DE CESSON SEVIGNE
21805,GROUPE CASINO
21806,SCI L'ARBALESTRILLE
1743,SCHNEIDER AUTOMATION SAS
21810,NOTRE MAISON 
21813,ALYOTECH
21814,SOCIETE D'EXPLOITATION DES AEROPORTS DE RENNES ET 
21821,LYCEE CLAIRE CHAMPAGNE
21822,DCNS
21432,ONILLON
21437,ARCHITECTE BRUNET
21438,LORIENT HABITAT
21439,SAS SERC
23681,ADYTON
23715,COFIROUTE
23699,SARL ARELEC
23700,CFC FACADES
23734,SGAP DE L'EST
23724,GEM LE NOUVEAU CAP
18910,LOGIS SOCIAL DU VAL D'OISE
18911,CA MARNE ET GONDOIRE
21452,BERNARD JEAN CHRISTOPHE
21453,SAINT-JEAN COMMUNAUTE
22747,SIAEP DE SAINTE SUZANNE
22785,COMMUNAUTE DE COMMUNES DE BONNEE
22801,TULLE'AGGLO
22829,VILLE D'ORLêANS
22849,DAHMOUN SARL
23687,COMMUNE DE JARVILLE LA MALGRANGE
23692,SNCF - CSP CFO
23696,CC GIENNOISES
23713,SGAMI OUEST
21837,COMMUNAUTE D'AGGLOMERATION SOPHIA ANTIPOLIS
21838,CUIVRINOX
21845,HYPRED
21847,ARCHAMBEAU
21848,SMI
21458,COMMUNAUTE DE COMMUNES DU VAL D'OUST ET DE LANVAUX
21460,SAEBI
22735,DUBOSCLARD
18812,SIVU DES ROSSANDES
21850,LYCEE ST SAUVEUR REDON
21852,SDEL
21855,LE DUFF
21856,SCI BC HOLDINGS
21857,SCI ISAAC HOLDINGS
21859,CIAS DU CONFOLENTAIS
21471,PLMP
21475,SA SODIREC
21479,HMY FRANCE
22736,MAIRIE TREVOU-TREGUIGNEC
23790,SCCV REGATA
23791,SCI BP MIXTE
23792,SCI ACTIVITES COURRIER DE PROXIMITE
23796,NXN3 - NXNE AUVERGNE 
23797,NXN1 - NXNE BOURGOGNE
23799,IMMOBILIERE RHONE ALPES
23800,AI33 - NOX BORDEAUX
23689,ETABLISSEMENT PUBLIC FONCIER POITOU-CHARENTES
23694,L'IMMOBILIERE EUROPEENNE DES MOUSQUETAIRES
23709,COMMUNE DE PORTO VECCHIO
18767,SRCI/LE CREUSOT
18820,GRANIOU FIBCOM (63)
21863,ENTREPRISE CLEMENT ET FILS
21864,FIGA
21867,ALLARD
21870,MAIRIE DE ST QUENTIN LES ANGES
21872,SAS BBR
21876,FINANCIERE BERNARD
21489,MBS
4455,SETEC
18788,PLECSA
18806,SNCF / ACHERES
21881,DELOURMEL
21883,FERRE HOTEL
21884,RIVOALLAN
21885,AGENCE ALLEGRE & BONANDRINI
21886,SARL NORMAND
21887,COMMUNE DE LISSES
20472,OPAC EMERAUDE HABITATION
20478,MUTUALITEDELACHARENTE
21496,ENTREPRISE ERS
21890,IMHOTEP QUIBERON
21893,DROUIN BATIMENT
21897,EIFFAGE ENERGIE POITOU-CHARENTES
21898,FAIRCHILD 71
21899,SAS GUERIF
21900,JENNYFER
10039,CLEMESSY
21515,ACR
22751,SARL PASSION VELO
21907,IAP ARCHITECTURE
21910,CONSTRUCTION DU HAUT ANJOU
21911,AB+L ARCHITECTURE
21913,SCI EVOLUTION
21915,TERRE ET BAIE HABITAT
19118,SFR AUDIOPHONE
19123,PATRIMMO COMMERCE
12824,S A S M
21532,PROMOTION IMMOBILIERE
22822,COLAS SA
19569,VILLE DE LONGNES
19570,CONSEIL ET ASSISTANCE GT LOCATION PARIS
19571,CONSEIL REGIONAL DE BASSE NORMANDIE
19572,MAIRIE DE SILLE LE GUILLAUME
19574,S.I.A.E.P DE LA REGION DE LOUVERNE
19575,HABITATION FAMILIALE
19577,COMMUNE DE SAINTE RADEGONDE
19578,MAIRIE DE GENSAC LA PALLUE
19579,CENTRE HOSPITALIER ESQUIROL
10068,MAIRIE DE ST JEAN DE BOURNAY
22902,ENTREPRISE SMEE
22994,NX69 - NOX RHONE ALPES
22995,NX35 - NOX RENNES
1755,SCHNEIDER ELECTRIC INDUSTRIES SAS
18777,BREZILLON SA
1770,MERLIN GERIN ALPES
1771,AIRBUS FRANCE
10093,MAIRIE DE TARARE
20997,PERSONNIC
20998,ENTREPRISE CBI
19124,SCCV LA LANDE BOURNE
19224,SAUMUR LOIRE HABITAT
19225,NANTES HABITAT
19226,LA POSTE
19227,HOPITAL DE JOSSELIN
19229,CARREFOUR
19230,OPAC DE LOIRE ATLANTIQUE
18779,CREDIT COOPERATIF
4558,SNEP-CHALON SUR SAONE
21147,EIFFAGE CONSTRUCTION
15619,CA SAINT QUENTIN EN YVELINES
15620,CA PLAINE COMMUNE
18334,FONTANEL PROMOTION 
18336,DRIEA
18841,HOPITAL LOCAL DE CHAZELLES SUR LYON
10134,IMERYS TC
10139,PERILLAT TP
15625,DEFACTO_ETABLISSEMENT PUBLIC DE GESTION
20570,MAIRIE DE MONTCHAUDE
20571,SAS GUILLAUME QUELAIS
1817,SNCF
18814,BOREALIS AB
10143,EIFFAGE TRAVAUX PUBLICS
10144,DIR CENTRE EST
10149,CC CHAMOUSSET EN LYONNAIS
20600,PREFECTURE DE LA MANCHE
1826,HARFLEUR 2000 SA
18557,NEXIMMO 42
1833,CFA
20995,BREST AVENIR IMMOBILIER
21000,SCI BPG
20629,SARL VALTOM
20632,COMMUNAUTE COMMUNES LA FERTE SAINT MICHEL
1845,CREUSOT FORGE
1850,LE GRAND AUTUNOIS MORVAN
18852,CROUS DE PARIS
18871,EHPAD LES CURTINES
10169,DREAL BOURGOGNE
20988,COMMUNAUTE DE COMMUNES DE L.A. MERIDIONALE
20670,CHS ALLONNES
23254,COUTIER INDUSTRIE
23256,INSTITUT DU BEAU JOLY
23267,ABEIL BET 
23276,COMMUNE AURIBEAU SUR SIAGNE
23288,NORMAPRIM
23290,ECOLE NORMALE SUPERIEURE DE LYON
23291,MAIRIE D'ARS
23293,CONGREGATION DES SOEURS SAINTE MARTHE
23077,COMMUNE D'ELVEN
23135,ENTREPRISE PASDELOUP
23177,COMMUNE D'ARACHES
23180,SGAMI EST
18391,SYNDICAT DES EAUX DE CRY - PERRIGNY
19921,SUD OUEST CHAUFFAGE
10177,MAIRIE DE LA BUISSE
10181,EDF CIH
10186,MAIRIE DE VIRIAT
20695,PSLGROUP
20702,AGENCE PLAST
23337,CP CONCEPT
23339,SAS SWEETHOUSE - ALAN LE MAO
23341,SPLA AIX EN PROVENCE
23346,MAIRIE DE DOMPIERRE SUR YON
23351,SYNDICAT MIXTE PRODUCTION & DISTRIBUTION CHALEUR
23649,MAIRIE DE PLEUMELEUC
23396,RESEAU CANOPE - SITE DE CAEN
23397,MAGASIN JULES
23398,MAGASIN BIZBEE
23404,VILLE DE MONTIGNY LE BRETONNEUX
1868,AUCHAN
1874,CLEMESSY
21917,CARREFOUR SA
21918,GCC
21919,SITRUK
21920,CUISINELLA
21921,KAEFER WANNER
21924,DROMER
21925,ENTREPRISE BERGAMASCO
21926,BS ARCHITECTURE
21927,SEBACO
19235,MAIRIE DE CHANGE
19237,RENNES - MINISTERE JUSTICE
20718,GROUPE FABER SA
13,PBTP
23405,COMMUNAUTE DE COMMUNES DE L'ILE D'OLERON
23410,FAYVALLEE SARL
23412,COMMUNE DE VENDAYS MONTALIVET
23413,COMMUNE DE NANCRAS
23429,COFINIMMO
23430,HAUTS DE SEINE HABITAT - OPH
23431,SPLA RUEIL AMêNAGEMENT
23432,VILLE DE GARGENVILLE
23433,GROUPE VINET
21944,EURL ARCHITECTE EXPERT
21951,PROMOVAL
21952,POLIMMO
21953,ABG CLIMATIQUE
21955,SCCV ARENA
10203,CHAMBERY METROPOLE
20984,GUISNEL DISTRIBUTION
20985,MAIRIE DE FOUSSIGNAC
20742,MAHO BATIMENT
20745,MORBIHANNAISE DU BATIMENT
20748,SRB CONSTRUCTION
23408,COMMUNE DE LE BONO
23409,COMMUNE DU CROISIC
23411,ASPAC
23434,COMMUNE DE KUTZENHAUSEN
23435,FREY
23436,COMMUNE DE MEREVILLE
23437,SIVOM DE L'ALZETTE
23438,SDIS DU BAS RHIN
23439,VILLE DE XONRUPT LONGEMER
23440,VILLE DE NANCY
23441,CC DE LA REGION DE GUEBWILLER
21998,KIDER STORE SOLUTIONS
21999,LOCATRA
22003,VERMOESEN
22005,PLANCON
22007,ATELIERS DE LA MABILAIS
20980,MAISON D'ACCUEIL SPECIALISEE "LE FRAICHE PASQUIER"
20992,SARL FLONI
20769,INTERMARCHE BREST
20771,DOMUS ARCHITECTURE
23418,VILLE DE ST ETIENNE LES REMIREMONTS
23419,VILLE DE DOMBASLE
23420,COMMUNAUTE D'AGGLOMERATION DE CHALONS EN CHAMPAGNE
23421,CC DES PORTES DE LA THIERACHE
23422,SIVOM DE POUILLY FLEURY
23424,VILLE DE COMMERCY
23425,PORT AUTONOME DE STRASBOURG
23426,SIS DU 1ER CYCLE DE NANCY
23428,CENTRE SOCIAL D'ARGONNE
23443,AXIANS
1901,SCHNEIDER ELECTRIC-LONGVIC
1902,AIR FRANCE INDUSTRIES
1911,AEROPORTS DE LYON/COLOMBIER
20121,CNFTP
20123,ASSOCIATION SYNDICALE LIBRE DU NOUVEL ESPACE COMME
20125,SCI HALLES DE RECOUVRANCE
20130,SCI DGS
10232,CD 60
10236,CC DE L'ISLE CREMIEU
20790,ENTREPRISE  MAROC
23444,BER 21
23446,ENTREPRISE AUBIN
23448,ENTREPRISE PORCHER
23449,SGAMI SUD OUEST
23450,ENTREPRISE LECOQ
23451,ENTREPRISE EMERAUDE PEINTURE
23452,ENTREPRISE MIRIEL
23453,ENTREPRISE MARTIAL
23465,AFMAE
23458,TRIODOS FINANCES BV
23461,SARL LE GOURVILY
1922,MAIRIE DE SAINTE HELENE DU LAC
1923,MAIRIE DE BOURBON-LANCY
20311,SAS PROTEC
10244,MINISTERE DE LA DEFENSE-CEPR
19242,SA HLM LE FOYER (16)
19243,COMMUNAUTE DE COMMUNES DE JARNAC
19245,MAIRIE DE MESLAY DU MAINE
19247,SYNDICAT MIXTE CENTRE NORD ATLANTIQUE
15748,CLEMESSY C3
21,PCA
23445,MOET & CHANDON CHAMPAGNE
23456,SPAR LARMOR PLAGE
23457,TROUSSIER SANDRA 
23708,COMMUNE DE LA GUICHE
23462,SEMADS
23464,SPLM
23466,OPH VAR HABITAT
23473,LOGEVIE
23475,IGC SERVICES
23477,CA FORBACH PORTE DE FRANCE
23478,MONSIEUR VINCENT NIVET
1929,SARA
1932,VILLE  DE THIONVILLE
21144,VILLE DE ROUEN
21146,SAS LE FOLL TP
10259,STRATES
20832,TOPOS ARCHITECTURE
20835,AEDIFIS
18104,SAFRAN
18678,CLERMONT COMMUNAUTE
23454,SARL HOTEL AFRICANA
23467,COMMUNE DE MANONCOURT EN VERMOIS
23468,INRS VANDOEUVRE
23469,CCAS NICE
23470,BATIGERE SAREL
23472,CONSEIL DEPARTEMENTAL DE LA COTE D'OR
23479,VILLE DE ST DIZIER
23487,SYNDICAT INTERCOMMUNAL DE L'ANZELIN
23493,CA BASSIN AURILLAC
23495,COMMUNE DE SAINT THEGONNEC
1937,COMMUNE DE METZ
18978,ETPO
7369,AEROPORTS DE PARIS
10262,CD 13
10263,MAIRIE DE SAINT GENEST MALIFAUX
10270,NOVADE
19248,VILLE DE BRIGNOGNAN-PLAGES
20977,GRAND COGNAC COMMUNAUTE DE COMMUNES
20849,SOCLOVA
20852,RESIDENCES DE L ORLEANNAIS
18644,COMMUNAUTE AGGLOMERATION DIJONNAISE
18821,CIRCET
56,RECTORAT DE DIJON
61,RENAULT GUYANCOURT 78
64,RENAULT FLINS
18174,VILLE DE SENS
22968,SOGEPROM
1973,COMMUNE DE BAR LE DUC
18980,CARDINAL
18982,AXA
1985,COMMUNE D'HAGONDANGE
4649,RESEAU FERRE DE FRANCE
1987,METZ HABITAT TERRITOIRE
1993,ANDRA/CHATENAY MALABRY
7413,BENETEAU
2005,EDF SETRAL
2007,MAIRIE D'ANTONY
4681,CAUDRILLIER SA
2016,SEMAPA
2018,MAIRIE DE MAUREPAS
2019,COSEA - SGI
18848,VILLE DE CHAMBRAY LES TOURS
18867,KVERNELAND GROUP
4700,GRAND PORT MARITIME DU HAVRE
18986,ARCENO
19580,SIAEP DES AVALOIRS
18360,LOGIREP
2039,COMMUNE DE MULHOUSE
18363,MAIRIE DU HAVRE
18364,SOCIETE D'AMENAGEMENT DE L'OISE
18891,ADC CONSTRUCTIONS
4718,ATMB
23205,REDMANN ASSET DEVELOPPEMENT
18844,SOCAREN
18847,ART CAM
18895,VILLE DE MOIDIEU DETOURBE
18902,CONSEIL DEPARTEMENTAL 86
20133,GROUPE LEGRAND
19125,ASL DU C.C. CHOLET
19126,SNC BUSSY SAINT GEORGES LE SYCOMORE
19127,CONFRASILVAS
10278,EIFFAGE TP - ETS GAUTHEY
19129,SELECTIRENTE
20866,SCCV DU "MAINE GEOFFROY"
20867,MADIC
20870,SONADEV
18868,ADOMA RHONE ALPES
10286,DRE DE FRANCHE COMTE
10293,ALLIADE HABITAT
19249,VILLE DE DEAUVILLE
19250,VILLE DE LA MONTAGNE
2074,SUN'R
2076,MAIRIE DE PARIS/STEGC
2080,THALES AVIONICS
20502,VILLE DE POITIERS
4756,CC DOMBES SAONE VALLEE
4758,CD 21
18989,SARL LES VOYAGEURS DE L'OUEST
18991,SCI BONNARME
18993,FABIENNE BULLE ARCHITECTE & ASSOCIES
19130,LOG EXTRAMUROS
10301,CD 92
10306,SYRIBT
19255,COMMUNAUTE D'AGGLOMERATION DE LAVAL
4761,CD 38 - GRENOBLE
4765,CD 42 - ST ETIENNE
4773,CD 73
19581,VILLE DE PLOURIN LES MORLAIX
19582,CDC DE HAUTE CHARENTE
19583,CDC BANDIAT TARDOIRE
19584,COMMUNE DE CERENCES
19585,COMMUNAUTE DE COMMUNES DU HAUT TREGOR
19586,VILLE D'EPINAY SUR SEINE
19587,SYNDICAT MIXE AGGLOMERATION GRANVILLAISE
19588,VILLE DE VIGNEUX SUR SEINE
19589,COMMUNE DE SARZEAU
20062,SCI GAMA
20064,FRANCE TELECOM
18351,OISE HABITAT
2103,SIVU DU CREANTON ET DE LA BRUMANCE
4774,CONSEIL DEPARTEMENTAL DE HAUTE SAVOIE
18865,SYNDICAT MIXTE DES STATIONS DU MERCANTOUR
20561,MAIRIE DE VARS
20592,COMMUNAUTE DE COMMUNES DU ROUILLACAIS
21931,FLORENDI JARDIN
21933,HVRF
21935,CONCEPT TY
21939,LES P'TITES BOMBES
21941,GIBOIRE SA
10334,MAIRIE DE MIRIBEL
19397,VAL DE GARONNE AGGLOMERATION
19398,AURAY COMMUNAUTE
19399,ESPACIL RESIDENCES
19400,SADIV
19401,VILLE DE DINARD
19402,MANCHE HABITAT
19407,SAT
2115,MAIRIE DE SAINTS GEOSMES
2117,CC  DE LA HAUTE VALLEE DU SEREIN, TERRE  PLAINE
2118,Ministry of Science Industry and Technology
7553,AREA
10347,DRE ILE DE FRANCE
19256,COMMUNE DE SAINT-DENIS D'OLERON
19257,REGION AQUITAINE LIMOUSIN POITOU-CHARENTES
19258,HABITAT 17
19259,HOPITAL LOCAL DE SAINT-MAIXENT L'ECOLE
19261,CENTRE HOSPITALIER DE LA ROCHELLE
2121,EUROPEAN BANK FOR RECONSTRUCTION AND DEVELOPM
2124,VILLE DE PARIS
18896,GRANIOU FIBCOM (01)
18922,EVEN LAIT INDUSTRIE
7560,ALTRAN
7567,AUTOMOBILE DACIA
19131,AMOCLE
19132,CLIMAVER
19133,INTER CONSEIL TRAVECO
19134,SCCV VDC3
19135,SCCV CAP EMERAUDE PROMOTION
19136,SCCV CAP EMERAUDE SERVICES
19140,PLAST ARCHITECTURE
2132,BOBST
18414,SNCF INGENIERIE NORD PARIS
4817,DECATHLON
4824,CA VILLEFRANCHE BEAUJOLAIS SAONE
22375,SCI 39 RUE DU COLISEE
23710,DELTA
23807,PORTZAMPARC  - SOCIETE DE BOURSE
23727,VILLE DE CHATEAU DU LOIR
22794,HENDERSON GLOBAL INVESTORS
22816,SDFC MORANT
22830,VILLE DE FRELINGHIEN
22831,VILLE DE DRANCY
22832,MARNE ET CHANTEREINE HABITAT
22852,SAS CBR
22915,PANORAMA CASH
18921,CLUB TROLLSPORTS TRIAL
4830,EDF
4838,EPANI
7589,CARREFOUR ROMANIA- HIPROMA SA
18998,SARL SRP
19000,SCI  ESPACE SANTE ST JEAN DE SOUDAIN
19001,MR LEVEQUE
19263,SEMIS
18845,METALLERIE PHILIPPE GAUTHEY
18917,ENTREPRISE DUMAS TP
21958,SARL R2AE
21963,CARALY PARIS 16
21966,WZ CONSTRUCTIONS
21967,ECOLE DES METIERS DE L'ENVIRONNEMENT
19264,CENTRE HOSPITALIER DE ROYAN
19265,ETABLISSEMENT PUBLIC DEPARTEMENTAL LES 2 MONTS
19268,COMMUNE DES SORINIERES
4857,GROUPAMA
4858,GTM BATIMENT ET GENIE CIVIL LYON
21972,GRENKE LOCATION SAS
21973,F.INICIATIVAS
21974,SARL ABG
21981,SAS GRESTRA
18906,EIFFAGE TP IDF
4875,MAIRIE D'ANNONAY
4876,MAIRIE D'ARNAS
19593,ATRIUM
4878,MAIRIE DE BELLEVILLE
4881,MAIRIE DE BRINDAS
4885,MAIRIE DE CHAPONOST
4886,MAIRIE DE CHARENTAY
4903,ROGER MARTIN
20134,CCAS CHATILLON EN VENDELAIS
21984,IPAC
21989,AGENCE D'ARCHITECTURE GOISBEAU DANIEL
21992,SPIE-OUEST
21994,BLANLOEIL TRAVAUX PUBLICS
4925,CU MARSEILLE PROVENCE METROPOLE
20321,IMMOFI 7
22833,BEREPF II FRANCE TRINITE SAS
22837,SAS LES CONSTRUCTIONS GHIZZO
22839,APAVIL SA VALCEA
22843,FOYER DU TOIT FAMILIAL
18466,DIR OUEST
22400,SECOMM
22404,UIR DEVELOPMENT FRANCE
23257,KRONOSPAN
23258,KRONOSPAN
23259,MAIRIE DE MONTALIEU VERCIEU
23266,PANAFRANCE
23269,ENTREPRISE POTIN
23270,ENTREPRISE QUELAIS
23271,ENTREPRISE SODIMAC
23272,ENTREPRISE GUINDE
23273,ENTREPRISE SOMEVAL
23277,CREDIT AGRICOLE LOIRE ATLANTIQUE VENDEE
18386,ATELIER MONCHECOURT & CORD
18789,GINKEO
18886,VILLE DE PONT SUR YONNE
18887,COMMUNE DE PERRIGNY SUR ARMANÄON
18888,D3 SOCIêTê DE LA DêVIATION DE TROISSEREUX
2164,VINCI CONSTRUCTION TERRASSEMENT
18889,MAIRIE DE ST LAURENT DE CHAMOUSSET
4954,PERRIER TP
22414,ICADE CONSEIL
22418,DEKA IMMOBILIEN INVESTMENT GMBH
23153,MR ET MME LE GALLO
23292,MAIRIE DE SAINT ELOY LES MINES
23294,LAMBALLE COMMUNAUTE
23296,COMMUNAUTE D'AGGLOMERATION DU GRAND VERDUN
23300,UNITE MILITAIRE 02542 FOCSANI
23301,MADAME CLAIRE FAYE
23309,SGAP DE MARSEILLE
2173,REGIE ANC PUISAYE-FORTERRE
2177,MAIRIE D'AMAGNEY
2178,RTE GENERIQUE MCEL CX512T4003
19003,ICF NOVEDIS
7714,BIODEPE
19665,ENTREPRISE MADIC
19668,SETEC BATIMENT
19671,HECD
20254,DARTY OUEST
23306,CORA
23311,ENTREPRISE QUEMARD
23315,COOPERATION ET FAMILLE
23316,DOS SANTOS BATIMENT
23317,MAIRIE DE COMBOURG
23318,MAIRIE DE SAINT-JOACHIM
23320,INTU - NOX INTERNATIONAL (TUNISIE)
23321,INCA - NOX INTERNATIONAL (CAMEROUN)
23322,INCI - NOX INTERNATIONAL (COTE D'IVOIRE)
2188,SOCRI
4979,MAIRIE DE MONTLUEL
7725,SIERT DE PLOMBIERES LES DIJON
20322,DEFOND MACONNERIE
20443,HOPITAL DE MORTAIN
16027,ORANGE METZ
23169,CONSEIL DêPARTEMENTAL DE L'HERAULT
23176,MAIRIE DE JASSANS-RIOTTIER
23323,INFR - NOX INTERNATIONAL
23327,BIOMASSE ENERGIE DU LEON
23329,CARLI LIONEL ARCHITECTE
23330,CSA
23331,PLANET FIT SARL
23332,CC RIVES DE MOSELLE
23334,MAIRIE D'ANSE
23343,SARL HIPPIE CHIC
23344,KORIAN
23358,HIPPIE CHIC SARL
2193,AEROPORTS DE LYON
18412,ERMONT HABITAT
2204,CFA RHONE ALPES AUVERGNE
4983,CC BEAUJOLAIS - VAUXONNE
4990,SETEC ALS
7742,RTE GENERIQUE GIV CX630C4006
19964,VILLE DE COUERON
19838,BACHMANN
16034,SNCF DIRECTION DE L'IMMOBILIER
16039,SNCF ANTENNE REIMS
23183,SCI NEUFLIZE VIE IMMO
23328,SOGETREL
23302,COMMUNE DE LE MINIHIC SUR RANCE
23324,SARL DOYEN
23350,VILLE DE LA GARENNE COLOMBES
23355,CC DU BASSIN DE PONT A MOUSSON
23361,SNC NMP MERCURE
23365,BARROS JEAN PIERRE
23369,UNIVERSITE DE LORRAINE
23370,CONSERVATOIRE DU LITTORAL
18430,SCI VENDOME OUTLETS
7760,ENT SBTP
22438,BOUWFONDS EREPF
22447,SCPI INTERPIERRE
23009,NUVIA STRUCTURE
23184,SCIC COOP-LOGIS
23274,CONSTRUCTIONS PONGELARD
23312,EMERSON INDUSTRIAL AUTOMATION
23333,LM WIND POWER 
23371,AGENCIA
23378,SAS SADEF
23379,MR FABRICE COLLET
23399,MAIRIE DE ROHAN
23401,VILLE DE STENAY
23725,HOPITAL NORD FRANCHE COMTE
23414,CONSEIL DEPARTEMENTAL DE MOSELLE
7772,ENT SERANGE
20201,MINISTERE DE L'INTERIEUR
16060,VALEO
16061,SYNDICAT INTERCOMMUNAL EAU ASSAINIS FONTOY
16064,LINGENHELD PAULETTE
23192,COMMUNE DE ST MAURICE LES CHATEAUNEUF
23262,SCPI IMMORENTE - SOFIDY
23264,SAFRAN - SNECMA
23303,BONNO OUVERTURES
23310,VILLE DE MIRECOURT
23366,MAIRIE DE MORSBACH
23367,LORMATECH
23381,MAIRIE DE SAINT JORIOZ
23416,CC DU PAYS DE NIEDERBRONN LES BAINS
23417,CHAMBRE DES METIERS ET DE L'ARTISANAT DE MOSELLE
18540,SNI/ORLEANS
19004,PORTALIS IMMOBILIER
7780,RTE GENERIQUE GIV CX631C4012
19006,AXIONE - UC 788
19007,NUTREA
19008,LE FOYER D'ARMOR - GROUPE LB HABITAT
7790,RTE GMR FOREZ VELAY
10566,LOGI EST
19975,ATREALIS PROMOTION
10572,MAIRIE D'AUTUN
19409,SCI BP
19411,MAIRIE DE MOUTHIERS SUR BOEME
19412,ALCEANE OPH DE LA VILLE DU HAVRE
19413,MAIRIE DE MAYENNE
19414,COMMUNE DE PETIT MARS
19415,MAIRIE DE PLOMODIERN
19416,CONSEIL DEPARTEMENTAL DE LA HAUTE MARNE
19417,MAIRIE ST JEAN SUR MAYENNE
19418,COMMUNAUTE DE COMMUNES DE L'ERNêE
22792,INTERMARCHE GRANVILLE
22793,LECLERC MOISSELLES
22943,FRED PETR ARCHITECTE
10576,MAIRIE DE CHAGNY
20621,CONSEIL D'ETAT
20622,TELECOM BRETAGNE
18368,AMIENS METROPOLE
20654,SEMSA
20656,VALLET DE MARTINIS
22643,EHPAD AU SAVEL
18919,C.E.A. COOPERATIVE ELECTRIQUE AIXOISE
5066,MAIRIE DE CLERMONT FERRAND
19146,MACE
19147,DINAN CODI HABITAT - OPH
5071,SEM VAL DE BOURGOGNE
7837,RTE CDI NANTES
7838,MAIRIE DE JOIGNY
19678,NANTES METROPOLE
7849,SIAEP  DE TOUCY
7851,RTE CDI TOULOUSE
7853,VILLE  D'AUXERRE
7854,RTE GMR SAVOIE
7857,RTE CDI PARIS
19977,COMMUNAUTE DE COMMUNES LANVOLLON PLOUHA
22659,SNC SPACIA ET CIE
22660,SYNDICAT DES COPROPRIETAIRES DU C.CIAL BIENVENU
22664,EON BERTRAND
22670,BRANDI PARTNERS
22712,SARL TORRES
22766,GTM SAINT HERBLAIN
22771,MAIRIE DE COGNIN
2317,RENAULT SAS RUEIL
5103,MAIRIE DE VIENNE
5108,GRAND LYON HABITAT
7860,RTE CDI MARSEILLE
19012,LAFOSSE ET FILS
7862,RTE CDI LILLE
19013,AFUL K2 LORIENT
19014,MR ET MME FAYE STEPHANE
19015,SCCV DINASTY
19016,BEBE9
20184,LA POSTE RENNES
20705,COMMUNAUTE DE COMMUNES SUD GOELO
22468,PREIM DEFENSE
22469,SCI GUILLERAIS NANTERRE
22472,THOR PROPERTIES LLC
19422,VILLE DE LAVAL
19424,VILLE DE QUIMPER
19426,VILLE DE CLAMART
19428,AKERYS PROMOTION
19429,SYNDICAT INERCOMMUNAL TRISKOL
19430,SMICTOM DU NAR
19431,CC MONTMORILLONNAIS
5124,CC DU PAYS MORNANTAIS
19018,SARL ABOUD AMOR & FILS
19024,SCI IBU RIMAINS
7893,SIER D'ETIVEY
19025,SCI LANESTER SEMBAT
22480,GELF ROISSY LOGISTICS (FRANCE) SCI
22481,SCI EURONANTES
22482,WESTINVEST GESELLSCHAFT FUR INVESTMENTFONDS MBH
22483,CILOGER
22486,SCI ILOT LAFAYETTE
22487,SCPI FRUCTIPIERRE
20358,CHAMBRE DES METIERS ET DE L ARTISANAT DU MORBIHAN
23033,NOXA - NOX CLEM NANTES
23035,SCCV NANTES
23036,INRO - NOX INTERNATIONAL ROUMANIE
23037,BNOX BRINOX DEVELOPPEMENT
23039,INAL - NOX INTERNATIONAL - AL (ALGERIE)
23044,COMMUNAUTE DE COMMUNES PAYS D'APT LUBERON
22854,MAIRIE DE LA GRAND COMBE
22855,MAIRIE DE SAINTE SIGOLENE
22856,MAIRIE DE BRIOUDE
22872,ATELIER DU POISSONNIER
22917,BANCILHON
22918,BIDAULT BATIMENT
23017,MAIF
23018,BREST'AIM
18481,SNCF ROUEN
23515,MAIRIE DE BEAUCOUZE
23533,CENTRE NATIONAL DU CINEMA ET DE L'IMAGE ANIMEE
23647,EHPAD DE ST ANDRE 
13462,SORGEM
13472,EDF - ANAPRI
5159,GRENOBLE ALPES METROPOLE
23538,SCI LAUMAR
23543,QUADRAN
23701,SARETEC
23555,COM COM SOMBERNONNAIS ET VALLEE DE L'OUCHE
23557,MAISON DE RETRAITE SAINT-GABRIEL
23558,UNIVERSITE DE REIMS CHAMPAGNE ARDENNE
23562,IEM - INSTITUT D'EDUCATION MOTRICE
23563,SPACIA & CIE
23565,ASCO INDUSTRIES
23566,MACIF COA
23587,CC DE LA REGION DE RAMBERVILLERS
22488,SCPI ATOUR PIERRE DIVERSIFICATION
22499,SNCF
22500,PATRIMMO COMMERCE
13473,MAIRIE LA VERPILLIERE
13483,MAIRIE DE CALUIRE
5162,CA DU PAYS VOIRONNAIS
23567,HILL INTERNATIONAL
23574,MECATEAM ASSIST OPERATING ABREV MAO
13490,MAIRIE DE SAINT SIMEON DE BRESSIEUX
13494,AFTRP
18478,BNP PARIBAS - REAL ESTATE
23569,ATARAXIA
23570,BASE AERIENNE 722 - USID ROCHEFORT
23572,REIMS HABITAT CHAMPAGNE ARDENNE
23573,IMMOCHAN
23578,EUROVIA BOURGOGNE
23579,SANUELEC
23582,FONCIERE ATLAND
23583,DIFIM
23584,MAIRIE DE LA BAZOGE
23585,DEPARTEMENT DE LA MANCHE
13500,SAVILLS
20752,SCI HOTEL THALASSO DES DUNES
20755,COMMUNAUTE DE COMMUNES DES 4B SUD CHARENTE
23571,COMMUNE DE CHISSEY EN MORVAN
23576,VILLE DE BEHREN LES FORBACH
13518,CHARTRES AMENAGEMENT
22632,VILLE D'ALIZAY
22633,VILLE DE SAINT OMER
22634,CCI PARIS ILE DE FRANCE
22707,OUTSIGN ARCHITECTURE
22730,RIVE DROITE SERVICES
22941,SCI DU GROUPE ISICA
23078,DEFONTAINE SA
23080,GROUPE AMBASSADE
23168,AUTOBACS
23575,MOSELIS
23588,M. MADELENAT & MLLE. BARROCA
23589,SIVOM DE LA REGION MULHOUSIENNE
23591,CNRS DELEGATION CENTRE EST
13525,DREAL FRANCHE COMTE
13526,DREAL PACA
18464,CONSEIL DEPARTEMENTAL DU 93
23580,HOLDING DUBOIS
23586,BATIGERE NORD EST
19753,SPIE PRESENCE
5223,ARCELORMITTAL - INDUSTEEL LOIRE
5225,COMMUNE DE HUNINGUE
20460,MAIRIE DE NOELLET
10777,PARTICULIERS DIVERS
13547,ASF SIEGE
13548,MAIRIE DE NEYDENS
13552,CD 69
13553,EGIS RAIL
13554,CA DE NIMES METROPOLE
13555,LYON OLYMPIQUE UNIVERSITAIRE
13556,NEXITY NSPM
18677,ASM / CLERMONT FERRAND
20798,CIF COOPERATIVE
22648,PRêFECTURE DES HAUTS DE SEINE
22657,LA FONCIERE DE PARIS SIIC
22682,SCCV HAMEAU DES FOUGERES
22685,CENTRE HOSPITALIER LABAJOUDERIE
22734,SAS ANGDIS
22760,COMMUNE DU ROURET
22808,SAS TRENTE ORMEAUX DISTRIBUTION
19026,OGEC NANTES ERDRE
7903,ENT SOCATER
20008,LES THERMES MARINS DE SAINT MALO
18584,HLM LOGIS MEDITERRANEE
18586,VILLE DE MARSEILLE
18588,SPL SOPHIA
18589,MAIRIE DE MANDELIEU LA NAPOULE
19460,CENTRE DES FINANCES PUBLIQUES DE LA CHARENTE
22624,VAL D'ISERE AGENCE
22665,PUY DU FOU
22689,MAIRIE DE SEYSSINET PARISET
22806,TEMPEOL
22853,CC DU PAYS D'OLLIERGUES
22869,MAIRIE DE TANINGES
22891,COMMUNAUTE DE COMMUNES PAYS CORBIGEOIS
22914,VILLAVERDE MONTCEAU
22938,MAIRIE AUTHUME
18382,CAMY
18503,DREAL LORRAINE
18558,COMMUNAUTE D'AGGLOMERATION BAR LE DUC SUD MEUSE
22008,SEMDAS
22010,ENTREPRISE BENETEAU CONSTRUCTION
22011,EDF OPTIMAL SOLUTIONS - VANNES
22016,HOTEL LA CROIX VERTE
19461,COMMUNE D'AMFREVILLE
19462,MAIRIE DE SERS
19464,MAIRIE DE ROSNY SOUS BOIS
19466,COMMUNAUTE DE COMMUNES DE PAIMPOL-GOELO
19467,COUR APPEL DE CAEN
19468,SDNH
19469,COMMUNE DE LA JUBAUDIERE
22693,BOUWFONDS EREP FUND II
22746,MAIRIE DE FIRMINY
22778,VILQUIN GROUPE FAYAT
22804,ASSOCIATION DIOCESAINE DE NANTES
22848,CENTRE EDUCATIF CAMILLE VEYRON
22857,SPL LYON CONFLUENCE
22864,MINISTERE ECONOMIE ET DES FINANCES HAITI
22871,SARL G.N.S.
22911,L'ATELIER DES COMPAGNONS
22937,FILY PROMOTION
22021,SYNDICAT MIXTE DU PARC DE DEVELOPPEMENT ECONOMIQUE
22024,SAS STO
22025,EIFFAGE ENERGIE
22026,SDEGM
22028,COMPAGNIE FERMIERE DE SERVICES PUBLICS
22029,ENTREPRISE GUERIF
19881,SAS GROUPE LB
22586,MAIRIE DE SELONGEY
22037,SCCV L'AGORA
22042,BANCEL AGENCE NORMANDIE
22045,RECTORAT DE L'ACADEMIE DE RENNES
20957,MAIRIE DE BOULOGNE BILLANCOURT
20102,MR ET MME POULAIN
18620,SEMVAL
22051,SCCV O'RIZON
22052,NEXITY
22053,L'HORSET DAVID ARCHITECTE
22056,SARIA GESTION
22057,M. ET MME AUDIER
22058,HERVE THERMIQUE (37)
22059,GANIL
2529,EDF
18755,CONSEIL DEPARTEMENTAL ALPES MARITIMES 06
22060,CDC CHARENTE BOEME CHARRAUD
22064,ERB
22065,ENVIE 44
22066,BTPO
22068,SCCV MANOX 2
19272,LA POSTE POITIERS
19273,PREFECTURE DE LA CHARENTE
19274,HOPITAL DE LA ROCHELLE
19275,EFIDIS
19276,EMMA_S HABITAT
19278,FRANCE HABITATION
19279,GRANDE CHANCELLERIE DE LA LEGION D'HONNEUR
19282,ICF LA SABLIERE SA HLM
19283,COMMUNAUTE DE COMMUNES DU PAYS DE REDON
20078,PERFORMANCE PROMOTION
22975,INRA CENTRE RECHERCHE / DIJON
23034,PEROT
20297,MME LEVRON  -  VIVAL
22592,CCI MARSEILLE PROVENCE
19284,LE LOGIS FAMILIAL MAYENNAIS
20417,AGENCE CAILLAUD-PIGUET
22572,CC PORTE DE DROMARDECHE
22092,SARL NOX
19286,SA HARMONIE HABITAT
19287,VILLE DE BOESEGHEM
19288,LOGELIA CHARENTE
19289,LYCEE TECHNIQUE PROFESSIONNEL ST-JOSEPH L'AMANDIER
23704,COMMUNE DE SAINT JEAN CAP FERRAT
23736,ENGIE ENERGIE SERVICES
23737,CDC HAUTE TARENTAISE
23738,BOUYGUES BATIMENT GRAND OUEST
23739,EXAGONE
23744,INRIA SIEGE
23745,VILLE LES PENNES MIRABEAU
2565,COMMUNE DE COURCELLES-CHAUSSY
2572,ETABLISSEMENT D'INFRASTRUCTURE DE LA DEFENSE
19150,SCI ESPACE SANTE GROISY
10784,ADP
18246,LA FABRIQUE D'ARCHITECTURE
18510,LOGEMLOIRET
21141,DOS SANTOS
2588,COMMUNE DE RETTEL
2589,EDF - DIRECTION DES ACHATS
18630,SA PARC DU FUTUROSCOPE
21131,COMMUNAUTE DE COMMUNES  BROCELIANDE
20842,ETSB
2610,EDF DIRECTION IMMOBILIERE
19151,OPH 77
19153,BEAUGE ARCHITECTE
19155,SDIS 91 ESSONNE
2617,VOIES NAVIGABLES DE FRANCE
5284,EDF
19682,IN SITU ARCHITECTURE ENVIRONNEMENT
2626,SNCF
2627,SNCF
5300,HABITAT DE HAUTE ALSACE
10856,EDF DIRECTION DES ACHATS
2638,AEROPORT BALE-MULHOUSE
2646,ALSTOM
21126,SANT ANGELO
5321,COMMUNE DE RAON L'ETAPE
5322,COMMUNE DE NOIDANS LES VESOUL
10874,EUROGLAS
21119,PRO DEVELOPPEMENT
5337,COMMUNE DE HEIMERSDORF
5341,ARCHITECTE KOCH PIERRE
19290,CONSEIL DEPARTEMENTAL DE LA CHARENTE
13662,RENNES METROPOLE
13666,COMPAGNIE DE PHALSBOURG
5344,COMMUNAUTE DE COMMUNES DU TILLEUL
20266,AGENCE POLE EMPLOI IDF
20270,SYNDICAT DES EAUX DE LA HAUTE VILAINE (2010)
22982,AI17 - NOX SAINTES
23005,AFUL DU CC CARREFOUR BEAUJOIRE
23050,PACT PARIS-HAUTS DE SEINE
5359,PROFIL FRANCE
20882,SA SODIBA
19027,ELLENA MEHL ARCHITECTES
19028,COMMUNE DE IRVILLAC
19029,QUIMPER COMMUNAUTE
19030,STAB
19031,DECLIC FS
19032,CHRU DE BREST
19033,LA CAROTECH
8143,AEROPORT DE LYON/SAINT EXUPERY
19034,VIVAL QUEDILLAC - SARL CELD
19035,MAIRIE D'ARGENTRE
19036,EDF OPTIMAL - NANTES
19037,EGLISE PROTESTANTE UNIS DE RENNES
19038,TERRENA INNOVATION
13683,ETS PINCHON ET FILS
20392,CABINET MERCIER
5368,ORT ITALIA SRL
21347,BESTSELLER WHOSALE
13696,MAIRIE DE SOUZY
20485,CHU DE CAEN
20487,FINAMUR
20488,BOUCHAUD ARCHITECTES
20546,CGR (CONSTRUCTION GENERALE RENNAISE)
20548,SCI SDG
23002,EPDA DU GLANDIER
23016,BREST METROPOLE 
23042,EURL SUPERMARCHE DU MOULIN VERT
23129,EPAFRANCE
23170,SPIE BATIGNOLLES - SCGPM
5389,ANDRA
5392,VOSGELIS
5394,REGION ALSACE
5400,COMMUNE DE SAPOIS
21106,NOZ
5409,ADP
10968,EPFL
20580,ENTREPRISE BERNARD MOREAU
18564,SYNDICAT RIVIERE DES 4 VALLEES
21320,APEC IME MARC SIGNAC
21334,SELA
19291,CENTRE HOSPITALIER DE GIRAC
19294,IMMOBILIERE 3F
19295,DIRECTION DES TERRITOIRES ET DE LA MER
19297,GAIA ARCHITECTES
19298,PARIS HABITAT
19299,ICADE
19300,RESIDENCES SOCIALES DE FRANCE
19301,RIVP
19302,SEM 92
22984,EC35 - NOX SAINT MALO
23059,REUZEAU KARINE MAGASIN VIVAL
23076,COM COM  DU PAYS DES BRIERES ET DU GESNOIS
23081,VILLE DE COMBRIT SAINTE MARINE
18547,RêSEAU FERRê DE FRANCE
21316,LYCEE HOTELIER SAINT JOSEPH  L'AMANDIER
18278,COMMUNAUTE DE COMMUNES DU SILLON MOSELLAN
20013,CEGELEC INFRA BRETAGNE
2708,REGION DE FRANCHE COMTE
21310,LE LIKES
19161,CONSTRUCTA PROMOTION
19163,DOUARNENEZ HABITAT
19164,SYNDICAT MIXTE DU POLE IMAGE - MAGELIS
19165,VILOGIA
19167,COMMUNAUTE DE COMMUNES DE LA FERTE ST AUBIN
20641,MEDICA FRANCE
20646,GA ARCHITECTURE
2715,DDT DU HAUT RHIN
21315,OFFICE PUBLIC DE L'HABITAT DE LA ROCHELLE
22504,SCI ITO
22506,ROUX COMBALUZIER SCHINDLER, SA
22507,WESTINVEST GESELLSCHAFT F_R  INVESTMENTFONDS MBH
22510,SNC CITEFI
19303,SIEMP
20676,SARL MAUDET
20678,MAISON DE RETRAITE DE CAULNES
20681,BOISSEAU BATIMENT
21307,FNAC LOGISTIQUE
22514,PITCH PROMOTION
22519,SCPI INVESTIPIERRE
22526,DDE DE L'EURE
19304,SODEARIF
19305,VAL D'OISE HABITAT
19306,VALOPHIS HABITAT - OPH DU VAL DE MARNE
19307,VILLE D'AMILLY
19308,VILLE DE PARIS - DIRECTION DES AFFAIRES CULTURELLE
19309,OPHLM DE NANTERRE
19310,MAIRIE D'ECHIRE
22971,SARL ECK
18704,FINAS CONSULTING
18715,AUTOMOTIVE LIGHTING REAR LAMPS FRANCE
21303,GARES ET CONNEXIONS
21305,PIERRE PROMOTION
19311,BURTON
22928,CA BASSIN ANNONAY
22953,SEML HABITAT 06
22988,CROUS DE LYON SAINT ETIENNE
22997,NA56 - NOX AMENAGEMENT
19040,MAIRIE D'ECOUFLANT
19042,SCI ATALANTE NOBEL
19043,SCI LOCATO
22541,AXA ASSURANCES IARD MUTUELLE
22544,CARMF
19312,CENTRE DE GESTION DE LA MANCHE
19314,EDF OPTIMAL SOLUTIONS
19315,PREFECTURE DU CALVADOS
19316,MAIRIE DE FLEAC
19317,MAIRIE DE FEGREAC
19318,AIGUILLON RESIDENCE
20617,MAIRIE AZE
20650,EIFFAGE FOUGERES
23747,SHAM
18577,B2S
22890,SOCCER RENNAIS
22898,MAIRIE DE CHAZELLES
2774,MAIRIE DE GLEIZE
21823,DIDIER ZOZIO ARCHITECTE
21825,ROUAULT FINANCES
21832,IMMO OUEST INVESTISSEMENT
19690,SCCV TERTIAIRE LA COURROUZE
19762,SCCV LES PLATANES
19766,LYCEE JACQUES CARTIER
19767,PRIMA CONSTRUCTION SAS
20750,SCI DES ALBIZIAS
22934,AUCHAN / IMMOCHAN
22924,CENTRE HOSPITALIER CAMILLE CLAUDEL
22935,SPLA AREA PACA
22571,PROVENCE GOUDRONNAGE
22580,PAYS DE GRASSE COMMUNAUTE AGGLOMERATION
22594,EPSM CAEN
22596,LE TANNEUR
22597,CHRONO-MATERIEL
22598,S.C.I. DU CREDIT COOPERATIVE
22599,ALIAN
19436,EIFFAGE CONSTRUCTION 44
19437,MAIRIE DE MONTGERMONT
19438,BAYEUX - CENTRE HOSPITALIER
19439,VILLE DE REIMS
22954,REGIE AUTONOME DE PORT CAMARGUE
22454,COLISEE RE
23482,MAIRIE DE BOURGBARRE
23484,SPLA LAVAL
23485,COMMUNE DE SAINT JEAN DE SIXT
23486,SIEPL PARIGNE-LANDEAN
23488,VILLE D'AUVERS LE HAMON
23489,COMMUNE DE ST GEORGES DE ROUELLEY
23490,COMMUNE DE JAVRON LES CHAPELLES
23491,COMMUNE DE MENIL
23492,USID DIJON / AUTUN
23496,VILLE DE JONZAC
19320,COMMUNE DE SAINT-GEORGES DES COTEAUX
19440,SARTHE HABITAT
23497,COMMUNE DE LACROIX SUR MEUSE
23483,MILLET & CHILOU ARCHITECTES
23498,MONSIEUR YANNICK PANSARD
23499,COMMUNE DE CLERMONT EN ARGONNE
23501,COMMUNAUTE DE COMMUNES DU VAL DU LOIR
23507,VILLE DE ROHRBACH LES BITCHE
23508,VILLE DE BRAINS
23509,COMMUNE D'ABRESCHVILLER
23510,MAIRIE DE BEDEE
23500,SNCF FB ST DENIS PARIS 10
23511,DAVY COUVERTURES
23513,BERTEAU BENOIT SPAR
23514,SARL HENRI SYLVIE SPAR
23516,CC DU PAYS DE COLOMBEY ET DU SUD TOULOIS
20854,A A Z CONSTRUCTION
22976,AI16 - NOX ANGOULEME
23040,VALVITAL
23084,DEPARTEMENT D'ILLE & VILAINE
23115,CDG 21
23144,SDC DU C.C DES ORIERES
23147,AFUL CC CARREFOUR LA ROCHE/YON
23148,GTM OUEST
23502,SGAMI SUD EST
23505,MAIRIE DU GRAND BORNAND
23504,NXN5 - NXNE RHONE ALPES
23506,VILLE DE TROYES
23518,COMMUNE D'AZE
23522,COMMUNAUTE DE COMMUNES DE LA BOIXE
23524,AGROBIOTHERS LABORATOIRE
23526,EPSM JM CHARCOT
23530,COMMUNAUTê DE COMMUNES DES 2 SARRES
23535,COMMUNE DE PONT PEAN
23703,DEPARTEMENT DU VAR
22900,COMMUNE DE BRUYERES
22925,MADAME LêNA CARIOU
22939,COMMUNAUTE DE COMMUNES DU PAYS DE COMMERCY
22963,HYPERMARCHES CARREFOUR FRANCE
2835,SNCF
20947,MAIRIE DE LA BRULATTE
22942,PERRET FêLIX ARCHITECTE
22979,SCI HOTEL DIEU 
23001,BORDEAUX METROPOLE AMENAGEMENT
23051,STE BOULEVARD VGE
23075,SCOBAT- CHOLET
23152,TOTAL MARKETING SERVICES
22884,MONSIEUR BOUILLAUD
22985,NX29 - NOX BREST
22986,NX53 - NOX LAVAL
22987,NX75 - NOX ILE DE FRANCE
22990,NAMO - NOX AMO
22991,NX71 - NOX BOURGOGNE
22992,NX67 - NOX LORRAINE
22993,NX44 - NOX NANTES 1
23032,NX73 - NOX PACA
23101,REDMAN
23134,VILLE DE CLICHY LA GARENNE
23136,INSTITUT DE METALLURGIE DU VAL DE FENSCH
23154,CAISSE CARMF CAISSE AUTONOME DE RETRAITE
8407,BOUYGUES BATIMENT
8409,BOUYGUES ENERGIES & SERVICES
13929,ASTRIUM
19444,SIAEP LOIRON (2013)
19445,SIAEP DU CENTRE OUEST MAYENNAIS (2014)
19447,ESPACIL HABITAT
19448,VILLE DE BREST
2864,CD 84
2870,CTE DE COMMUNES SAONE-BEAUJOLAIS
19492,COMMUNAUTE DE COMMUNES DU CANTON DE GEMOZAC
19493,VILLE DE MONTREUIL
19494,MAIRIE DE CHATEAUBOURG
19495,MAIRIE PLOUGUERNEAU
19496,COMMUNAUTE D'AGGLOMERATION DE LA ROCHELLE
19497,SYNDICAT INTERCOMMUNAL DES EAUX POTABLES DE MONTAU
19499,ASSOCIATION FOYER PROVINCE - EHPAD ABBAYE
19500,VILLE DE BUSSY ST GEORGES
19501,NEXITY PROPERTY MANAGEMENT
19502,OFFICE PUBLIC HABITAT DE L'ORNE
21268,HECD
13939,RENAULT NISSAN
13942,SNCF TECHNICENTRE PICARDIE
19859,VILLE DE SAINT MELOIR DES ONDES
23104,NEXITY IMMOBILIER ENTREPRISE
23107,GROUPAMA IMMOBILIER
23122,CC DU PLATEAU D'HAUTEVILLE
23130,FAYAT BATIMENT
23131,UNIVERSITê DE PARIS DECARTES
23132,INTERMEZZO
23133,VILLE LES ULIS
105,SCHNEIDER ELECTRIC SA
115,SEMCODA
18491,MAIRIE DE MONTROND LES BAINS
18880,NEWDEV
18969,SEMAEB 35
2882,CC DU PAYS DE L'ARBRESLE
19885,SOCIETE DE BIENFAISANCE
19888,COMMUNE DE MONTREUIL LE GAST
21266,GRAVIERE ET FOULON
21267,ENTREPRISE JAFFRE
13951,VILLE DE PARIS/DIRECTION DES ACHATS
18096,REGION LORRAINE
124,SF GARDY
18098,COMMUNAUTE URBAINE LE GRAND NANCY
18494,COMMUNAUTE AGGLOMERATION SEINE EURE
2892,MAIRIE DE BEAUNE
2897,CC DE FEURS
13966,CONSEIL DEPARTEMENTAL DE LA LOIRE ATLANTIQUE
20272,SYNDICAT DES EAUX DE LA HAUTE VILAINE (2012)
20275,LA MOTTE CONSTRUCTEUR
2902,MAIRIE DE DIGOIN
2903,CC DE LA REGION DE BEAUJEU
20117,MISSENARD QUINT B
19449,COMMUNAUTE URBAINE DE CHERBOURG
22926,MARCEAU ESTATE
22958,H.E.R.
22959,BSE
23013,MONSIEUR ET MADAME DREVON
23072,CENTRE HOSPITALIER DE NOVILLARS
23089,URBANICA
23090,SCI UNIBAT
23100,SIGN ARCHITECTURE
18685,MAIRIE D'HYERES
2912,MAIRIE DE SALLANCHES
2921,MAIRIE DE VICHY
19503,COMMUNAUTE DE COMMUNES PAYS AUGE
19897,OGEC LYCEE SACRE-COEUR
8484,EM2C
20893,EIFFAGE ENERGIE THERMIE ATLANTIQUE
22777,IMMOCHAN
22818,MEDDE DIR CENTRE EST
22880,CAP'INVEST
22888,TIAA HENDERSON REAL ESTATE
18743,EIFFAGE/DRACY LE FORT
22798,EIFFAGE IMMOBILIER
22799,SMDT STATION DES ROUSSES
18751,LA FERTE IMBAULT
2941,MAIRIE DE BESSENAY
2942,AFUL CC CARREFOUR GUINGAMP
2949,CA PORTE DE L'ISERE
2950,COMMUNE DU CREUSOT
8503,SIGERLY
8508,MAIRIE DE ROANNE
19321,CAEN HABITAT
19322,LA NANTAISE D'HABITATION
19323,LE MANS HABITAT
19324,MINISTERE DE LA JUSTICE
19325,MAIRIE DE SAINT NAZAIRE
19326,REGION DES PAYS DE LA LOIRE
19327,COTES D'ARMOR HABITAT
19328,HLM LES FOYERS
18784,SARETEC FRANCE
18787,DILLINGER FRANCE 
194,TEGC
8515,CC DU CANTON DE MONTLUEL
8519,ESCOTA
8522,CA SAINT ETIENNE
19990,ENTREPRISE BIRSIN NEUF ET RENOVATION
19991,STUDIO 02
19995,COMMUNE DE LEGE
20856,SCA VERTIGO
20863,CV CLIM
22758,CENTRE HOSPITALIER DE LA ROCHEFOUCAULD
22772,VILLE DE BOULOGNE BILLANCOURT
22895,SIRTAVA
22897,OPH 37 DU VAL TOURAINE
23064,MIKKA SARL
23121,EDF ENERGIES NOUVELLES - BEZIERS
18795,CONSEIL DEPARTEMENTAL 41
205,THERMODYN SAS
2971,AEROPORT DE LYON/SAINT EXUPERY
19504,MAIRIE DE REIGNAC
19505,MAIRIE DE SAINT PREUIL
19506,MAIRIE DE SAILLAT SUR VIENNE
19507,SAINT JUNIEN HABITAT OFFICE PUBLIC
8528,SIABA
20879,CIRCUIT DU MAINE
22754,PIERRE & VACANCES
22862,SNCF 93
22621,IMMORENTE
23804,CC EPERNAY PAYS DE CHAMPAGNE
22644,AFUL CENTRE COMMERCIAL ST HERBLAIN
22695,BOISDRON BOUTY
22705,CFAO
22710,COMMUNE DE CHALMOUX
22947,COMMUNE DE CHALONNES SUR LOIRE
22717,UNICON
22718,MAIRIE DE SEYNOD
22724,ECOLE CENTRALE MARSEILLE
22999,S.P.I. 
210,SNCF SAINT-LAZARE
18813,GESO
22948,LECHEVALLIER & MONTEIL
2984,SNCF DIRECTION PROJETS SYSTEME &INGENIERIE
2985,SNCF/INFRASTRUCTURE
2987,CC DU PAYS DE L'OZON
22996,TERRITOIRE 25
22601,LES DELICES FERTOIS
22602,KEGIN INGENIERIE
22604,SA LES THERMES DE SAUJON
22605,MAIRIE DE GUêMENê-SUR-SCORFF
22606,HOLVIA PORC LAVAL
22767,ASL HEROUVILLE ST CLAIR
22815,PROJEDIS
22883,DDT 63
22933,AGENCE DE MOBILITê DU NORD IS‘RE
22858,SOFIDY IMMORENTE
22859,RIBEIRO CONSTRUCTION
22865,CPF ASSET MANAGEMENT
22866,AFUL C C CARREFOUR ST SERGE
22873,MAIRIE LES AVENIERES
22876,MAIRIE DE RIVIERES
23195,COMMUNE DE MONT-BONVILLERS
23196,COMMUNAUTE DE COMMUNES DU MENE
23200,SDC DU CC DES ORIERES
23201,SAEM SPORTS ET TOURISME
23202,SA PLEYNEY
23203,MARNE AU BOIS AMENAGEMENT SPL
23204,LA POSTE BRIVE
23207,S.A. GAN ASSURANCES - TOUR DE BRETAGNE
23208,SOLYSTIC
18833,COMMUNE DE BERNOUIL
227,APERAM STAINLESS FRANCE/GUEUGNON
11320,MINISTERE DES AFFAIRES ETRANGERES
16833,VINCI CONSTRUCTION TERRASSEMENT ALTEA
21374,LABESSE-BELLE
21378,MAIRIE DE BOUESSAY
22803,CH SAINT DENIS
22814,MAIRIE D'ANTIBRES JUAN LES PINS
22882,CONSEIL REGIONAL D'AQUITAINE
23048,SCI DE LA GARE
23057,TRENDY CASH SARL
23066,CPAM NICE
23070,MAIRIE DE ROULLET ST ESTEPHE
23073,CONSTRUCTIONS LE BIHAN KERBOETHAU
23211,HONEYWELL SAFETY PRODUCTS AUTUN
23212,RISOUL LABELLEMONTAGNE
23214,SCI INTERPIERRE FRANCE
23215,HYPERADOUR SAS
23216,REDMAN
23217,VILLE DE DOLUS D'OLERON
23219,VILLE DE LESME
23224,ADIM REGIONS
23227,GROUPE CHESSE
18095,MAIRIE D'ASQUINS
237,ARCHE 5
18100,AEROPORTS DE PARIS/PARIS
18102,ALLIER HABITAT
18872,SCI ARNOLD PROMOTION
11325,LEROY MERLIN
19168,LA POSTE DI - CSPI DIJON
23052,SCI TOP EMERAUDE
23091,MAIRIE DE BELLAC
23808,VILLE D'EPINAL
23221,GROUPE BERTO SCI BYP
23222,TOKHEIM SERVICES FRANCE SAS DTCE
23231,WALTEFAUGLE SAS
23237,DRFIP BRETAGNE ILLE ET VILAINE
23238,CLUB MED
23239,JJ ORY
23240,MARCIANO ARCHITECTURE
23241,RENAUD DISTRIBUTION
23243,SARREGUEMINES CONFLUENCES HABITAT
23252,VILLE DE PARIS - DIRECTION DES ESPACES VERTS 
19471,AMIENS METROPOLE
19473,GRAND ANGOULEME
19474,MAIRIE DE RUFFEC
19475,MAIRIE DE ROUMAZIERES
19476,MAIRIE DE SAINT GILDAS DE RHUYS
19477,MAIRIE DE BUSSY SAINT GEORGES
19479,MAIRIE HELLEMMES
19480,MAIRIE DE SAINT MARS DU DESSERT
19481,MAIRIE DE ECURAT
22587,SCIC HABITAT BOURGOGNE
22625,LOGIDOME
22649,VILLE DE GAGNY
22964,L'HERMINE2
18923,EPA BORDEAUX EURATLANTIQUE
18925,COMMUNAUTE DE COMMUNES DIGOIN VAL DE LOIRE
22570,ENTREPRISE DEMONGEOT
22577,UNIVERSITE AIX-MARSEILLE
22578,VILLE DE MABLY
22590,SOCACHAL
22593,COMMUNE DE LANGRES
22629,POLE EMPLOI CINETIC
22630,VILLE D'ERAGNY
22636,ALSER LAFORTEZZA
22647,VILLE D'êVRY
22656,CONSEIL DEPARTEMENTAL DU FINISTERE
22715,B&B HOTELS
22719,COFELY SUD OUEST - GDF SUEZ
3018,RENAULT / LE PLESSIS ROBINSON
21102,SAS MDF
19781,MINISTERE DE LA DEFENSE
23068,C.H.I.M.B
23079,VESTEY FOODS PRODUCTION
23087,MAIRIE DE ST GENIS D'HIERSAC
23109,MARCEL BAEY
23110,LAITERIES H TRIBALLAT
23111,CUISINES D'ART'ROME
23137,BNP PROMOTION IE
23138,OPH 53 - MAYENNE HABITAT
23140,NUMIDIS
23141,VIVAL LANVOLLON TK 347
23142,SCI MASH
23149,SEER GRIGNY VIRY
23150,MAIRIE DE SAINT DOMINEUC
23156,MAIRIE DE CHAMROUSSE
23226,SNEF
23517,SCI TERTIAIRE MIXTE 
23531,COMMUNE DE PLOURIVO
23532,COMMUNE DE CROSSAC
23621,CC DU VAL DES COULEURS
23539,COMMUNE D'ATTIGNY
23541,STEPHANE AUREL ARCHITECTURE SARL
23544,COMMUNE DE SAINT BRIAC SUR MER
23545,NATURALPHA
23546,VEOLIA ENERGIE ROMANIA
23551,CC DE LA VALLEE DE ST AMARIN
20024,ERS MAINE
23102,GEL ALPES
23103,LOUIS FRANCOIS
23164,VILLE DE ST APOLLINAIRE (21)
23242,MAIRIE DE SAINT MARCELLIN
23520,CC DU PAYS D'ERSTEIN
23521,CC DU PAYS ORNE MOSELLE
23523,HABITATION MODERNE
23525,FONCIERE DE PARIS
23528,SOCAD / BESANCON
23536,COMMUNE DE SAINT CAST LE GUILDO
23537,COMMUNE DE SAINT MARDS DE BLACARVILLE
23549,VILLE EUROMETROPOLE DE STRASBOURG
22726,CC RHONE CRUSSOL
3045,RENAULT TECHNOLOGIE ROUMANIE
3049,CREDIT AGRICOLE LOIRE HAUTE LOIRE
21090,ETDE SA
11370,CONSEIL DEPARTEMENTAL 73
11371,CONSEIL DEPARTEMENTAL 92
23085,HABITAT ET HUMANISME 
23124,VILLE DE FONTENAY AUX ROSES
23128,CENTREX
23162,CREDIT AGRICOLE IMMOBILIER
23232,MAIRIE DE BILLE
23233,COMMUNE DE PLOGASTEL ST GERMAIN
23234,COMMUNAUTE DE COMMUNES DE COGNAC
23249,IMMOBILIERE CARREFOUR
23527,MAIRIE DE CASTRES
23529,MAIRIE DE MERAL
23542,SNCF ESBE IDF
23550,COFINANCE SAS
23552,COMMUNAUTE DE COMMUNES AVRANCHES - MONT ST MICHEL
23553,MANOX 4
23554,MANOX 5
23717,VILLE DE REMILLY
22732,L'ATELIER DES COMPAGNONS
22737,MAIRIE DE PEZENAS
291,MICHELIN
3064,ALSTOM POWER SYSTEMS
23163,BRASSERIE BAVARIA
23174,SNCF - TI DE ROUEN QUATRE MARES
23175,MAIRIE DE LOUISFERT
23244,MACIFIMO
23245,ORFEO
23246,LEROY MERLIN
23248,SARL LA TOURVILLAISE
23519,GMT
23556,MAIRIE DE SAINT PROJET SAINT CONSTANT
23559,ANCRAGE ARCHITECTES
23560,INSTITUTION SAINT-JOSEPH
23561,GROUPE SCOLAIRE INTERPAROISSIAL
23564,LEONARD BATIMENT
22741,ESID DE LYON
23120,SARIA INDUSTRIES FRANCE
23145,PAYS DE GRASSE DEVELOPPEMENT
23159,SERVICE D'INFRASTRUCTURE DE LA DEFENSE
18068,SNCF COMPTABILITE
324,MONTUPET CHATEAUROUX
8548,CA DE VICHY VAL D'ALLIER
22952,EST METROPOLE HABITAT
22955,SCI SOLENICO
22957,VILLE DE TOURNUS
22962,HOTEL DES 3 MARCHANDS
22967,MAHE CONSTRUCTION
22970,MONSIEUR COHEN
22972,THREALESTATE
22973,EDIMAG
22974,CENTRE HOSPITALIER INTERCOMMUNAL MONTS ET BARRAGE
22977,OPH 69 EST METROPOLE HABITAT
22978,MELLE ALLEAU ALEXANDRA
22983,EC44 - NOX NANTES 2
22752,COMMUNAUTE DE COMMUNES VAL DE SAONE CHALARONNE
22757,NIDEV
22762,BONNET NEVE SA
22764,DUMAS FLEUR
22769,SARL SEMAIV
22776,MAIRIE DE CREST
22779,MILLENNIUM
22782,COMMUNE DE POUILLY E NAUXOIS
22786,GROUPEMENT CEGELEC RESEAUX CENTRE EST
3113,ARKEMA
5767,KEOLIS LYON
22795,SCBM
22797,HOTEL RESTAURANT DE LA BUTTE SAS
22802,MAIRIE DE LAVAU
22809,GROUPE SOS
22813,ABSCIS BERTIN CONSTRUCTION
22817,EIFFAGE COTE D'ARMOR
18657,MAIRIE DE LIMOGES
18832,SNCF DIRECTION DE LA TRACTION
19510,COMMUNAUTE URBAINE DU GRAND TOULOUSE
8586,AGENCE L'ANTON & ASSOCIES
18055,RENAULT COMMERCIAL ROUMANIE
22819,COMMUNE DE LESME
22820,MAIRIE DE LIERGUES
22823,SOLTANI MEHDI
22825,SCCV SAINT HERBLAIN DEVELOPPEMENT
22827,CA EVRY CENTRE ESSONNE
22840,SOCIETE VERTEX
22851,LA VAPEUR DIJON
22860,SIAEP ARGENTRê SUD
22868,VILQUIN
22874,SBME SA 
18631,RTE PARIS LA DEFENSE
18632,SDIS 33
18708,OXYMETAL SUD EST
8588,MAIRIE DE RIVERIE
21258,CHAMBRE DE COMMERCE ET D'INDUSTRIE D'ANGOULEME
22877,VEOLIA EAU - CGE
22878,UNIVERSITE DE NICE SOPHIA ANTIPOLIS
22879,BERTRAND TESSIER - ARCHITECTE
22886,GRAND QUARTIER - C.CIAL
22896,MAIRIE DE CLAIX
22907,SCHNEIDER ELECTRIC SFCME
22909,PHILIPPE HENOCQ ARCHITECTE
22919,MAIRIE DE GOND PONTOUVRE
22920,STRASBOURG PIERRE
22923,AGENCE ARCHITECTURE LANCTUIT
20960,JMB CONCEPT
8600,CC VAL DE SAONE CHALARONNE
18213,GEIE DU TUNNEL DU MONT-BLANC
18214,STVI GROUPE COMPAGNIE DES ALPES
23000,CARREFOUR HYPERS
23003,AZIZI KHALED
23012,SCI LA CHENAIE
23021,MAIRIE DE CH∂TEAURENARD
23022,CAECE
3160,POSTE IMMO
3161,LA POSTE
3164,SDEY - AUXERRE
20981,COMMUNE DE BELGEARD
18136,AIRBUS OPERATIONS SAS
18970,OCDL
18971,ENTREPRISE ECK
18972,CHAUNY
18973,NEXITY GEORGES V
18974,ADAPEI CHARENTE
18975,GROUPE LAMOTTE
18976,BATI ARMOR
18977,BATI NANTES
8629,SYSTRA
8630,MAIRIE DE VILLEUBANNE
22927,MAIRIE DE MONTROY
22929,SCI LA MADELEINE
23024,NX56 -NOX INGENIERIE LORIENT
23041,MORSES
23045,CPAM DE LA CHARENTE
23049,ABDP INGENIERIE
23058,NEXITY FONCIER CONSEIL
23061,GAEC ELEVAGE DE RESSY
23067,OPACSUD
23071,COMMUNAUTE DE COMMUNES LA PLAINE JURASSIENNE
23074,O'REA
23083,MAIRIE DE SAINT FLOUR
23096,COVEA IMMOBILIER
3194,PREFECTURE DE POLICE
20993,COMMUNE DE MARIGNE PEUTON
8655,EPORA
18129,CONSEIL DEPARTEMENTAL MEHEDINTI
18183,LILLE METROPOLE
22936,CEVA FREIGHT MANAGEMENT FRANCE SAS
23118,MCDONALDS
23143,LBBC BATIMENT
23151,SODICHAR
23167,CONSTRUCTA PRIVATE SERVICES
23173,COMMUNE DE MONTBONNOT ST MARTIN
8667,DREAL
18034,SCOUTS ET GUIDES DE FRANCE
23157,IVG IMMOBILIER FRANCE
19511,VILLE DE CHATEAUNEUF DU FAOU
19513,EDF DIRECTION COMMERCE GRAND CENTRE
19514,CDC D'HORTE ET LAVALETTE
19515,MINISTERE DE L'INTERIEUR / PREFECTURE DE POLICE
19516,CARREFOUR HYPERMARCHES
8684,MAIRIE DE LANCIE
21391,BERTRAND MORAGLIA ARCHITECTE DPLG
22745,MR GATIGNOL
22811,ECOLE DES MINES ALES
22812,COMMUNAUTE COMMUNE COEUR DE MAURIENNE
22921,REGION BRETAGNE - RENNES
22965,MAIRIE DE SAINT JEAN DE MOIRANS
23014,SMADEOR
23047,SARL  MANOX 3
23113,EIFFAGE IMMOBILIER NORD OUEST
23114,UXELLO
22944,FONCIA GOLFE BLEU
22945,SAINT JEAN
19517,MAIRIE MALESTROIT
21006,SCCV DU GARLODIC
21076,ENTREPRISE
18195,S.T.O.R SOCIETE DES TELEPHERIQUES
19172,SCI ACTIVITE COURRIER INDUSTRIEL
19175,MAIRIE DE VERTOU
19176,MAIRIE DE DOUARNENEZ
18076,DISP CENTRE-EST DIJON
18077,COMMUNAUTE DE COMMUNES ENTRE SOMME ET LOIRE
18628,IMMOBILIERE MEDITERRANEE 3F
21037,FT FDP CAMBRONNE
21053,GARREC GILDAS / APPERE ANGE-MARIE
19177,QUILLE CONSTRUCTION
18030,ANDRA CHATENAY MALABRY
545,PNEU LAURENT SNC
18111,COMMUNAUTE COMMUNES BASSIN POMPEY
18218,EDF ULM ALN
552,ENT DIVERSES ET COLLECTIVITES - HM
21064,COMMUNE DE PONTORSON
561,ENT TERELEC SARL
5965,RTE GENERIQUE MCELA CX519C4018
5967,CONSEIL DEPARTEMENTAL 71
5968,RTE GMR LYONNAIS
5973,RTE CDI NANCY
568,INEO RESEAUX SUD OUEST - TULLE
569,RTE RESEAUX DE TRANSPORT D'ELECTRICITE
575,ENT GUILLERMIN
19181,MAIRIE DE BONNETABLE
19182,VILLE DE MORTAGNE SUR SEVRE
584,SYNDICAT DEPARTEMENTAL D'ENERGIE HAUTE MARNE
588,CONSEIL DEPARTEMENTAL PRAHOVA
19184,CCI DU PAYS DE SAINT MALO
595,SIE AUXERROIS
596,SIER DU LOING
597,SIER DU SEREIN
598,SIER DE VENIZY
599,SIER DU VRIN
600,SIE DU TONNERROIS
601,SIER DE L' ARMANCON ET FORET D'OTHE
6006,SPIE EST
21080,ETABLISSEMENT DUPRE
21236,SCI PLOUZANE AUTO
21237,ENTREPRISE LELIEVRE
19329,CONSEIL DEPARTEMENTAL MORBIHAN
602,SIER D'AISY SUR ARMANCON
604,SYNDICAT D'ELECTRIFICATION REGION LANGROISE
605,SIER DE FLOGNY LA CHAPELLE
607,SIVOM DU GATINAIS
608,SIER DE TOUCY
19518,MAIRIE DE PLERGUER
19519,COMMUNAUTê DE COMMUNES DU PAYS DE QUIMPERLê
19521,VILLE D'ANGOULEME
19522,REIMS METROPOLE
19523,COMMUNAUTE DE COMMUNED COTE DE PENTHIEVRE
6022,OPAC DU RHONE
19048,SARL FAMILLE LOIRAT ASSOCIES
19049,LEGENDRE CAROLINE
19051,MR MENON ERIC
19052,JB DEVELOPPEMENT
19330,OPAC DE TOURS
19331,CENTRE REGIONAL DE DOCUMENTATION
19332,CIAS CIDERAL
19333,COMMUNE D'HERBIGNAC
19336,CONSEIL DEPARTEMENTAL DE LA VIENNE
18177,TERRENA
622,COMPAGNIE NATIONALE DE AUTOROUTES ET ROUTES
19524,EIFFAGE CONSTRUCTION METZ
6037,SNCF ATA
19054,FRANCE PIERRE
21239,SCI REN MONIER
19337,MAIRIE DE SEQUEDIN
22761,DIJON HABITAT
22791,CASINO MORLAIX
22800,SDC MAISON RADIEUSE - CABINET BRAS
22899,CHAMBRE DES METIERS
3283,SEDD
6043,INTERCONTROLE (AREVA)
21231,EHPAD HABRIOUX
11634,MOULINS HABITAT
21108,EASY DIS
11639,SIA VALLEE DU SEREIN
11643,OPHIS
19338,SGAP OUEST/DEL/BAI
19339,MAISON DE RETRAITE PAUL CHAUVIN
19341,MAIRIE DE ST JOACHIM
19343,MAIRIE DE CHERVES RICHEMONT
19344,MAIRIE DE BOUVRON
19345,AIGUILLON CONSTRUCTION
21410,CNFPT
17139,DEPARTEMENT DU RHONE - LYON
21418,ENIB
3318,CENTRE HOSPITALIER DE PONTARLIER
11655,CA DU PAYS D'AIX EN PROVENCE
19792,REN INVESTISSEMENT
19795,SIVOM DE L'AA
22573,PBI PACA
22575,CHRU MONTPELLIER
22603,SERVICE DEPARTEMENTAL D'INCENDIE ET DE SECOURS DE 
22608,JPF INDUSTRIE
22609,NEOTOA
22610,MAIRIE DE LA GRAVELLE
17153,METROPOLE DE LYON
22951,HOPITAL LOCAL TOULON SUR ARROUX
23063,SMTC 63 - CLERMONT FERRAND
23119,MANGO
21219,MEDUANE HABITAT
21221,COMMUNE DE GAVRES (56)
21223,MAIRIE DE FORC+
11669,MAIRIE D'AIX EN PROVENCE
6091,REGIE NEYRAT
8902,SCHNEIDER ELECTRIC FRANCE
19056,CLIENT TYPE NOXA
19057,COGNAC FERRAND
19058,PINTO
20230,LOGI OUEST
21122,ACTIPROM
19609,SO RE IM
19610,SANTERNE MAYENNE
19611,DEGANO
19613,EVECHE DE NANTES
11695,MAIRIE DE RUY MONTCEAU
21137,ANDRE BTP
6122,VOLVO
11707,MAIRIE DE CHAPONNAY
3377,CONSEIL DEPARTEMENTAL 89
19063,LEFEUNTEUN CONSTRUCTION
19067,SCI REN LORIENT
11713,EDF - CIH MULHOUSE
632,RENAULT TECHNOLOGIE ROMANIA
3389,CONSEIL DEPARTEMENTAL 70
19617,ESBTP
11722,RESEAU FERRE DE FRANCE
20373,ELITEL RESEAUX
20375,MAIRIE LA CHAPELLE THOUARAULT
23735,SOFIDY SA
23743,SODIMODIS HYPERMARCHE
23748,SMABTP
23755,ATTITUDES URBAINES
23756,SARL UJB
23757,COMMUNE DE GOUDELIN
23758,AIRBUS DEFENCE & SPACE SAS
646,SIE-SERVICE D`INFORMATION EXTERNE
23809,DGAF - DIR. DE L'ADMIN. GENERALE DES FINANCES
23810,CONSEIL DEPARTEMENTAL D'EURE ET LOIR
23811,COMMERZ REAL INVESTMENT GESELLSCHAFT MBH
23812,EURL Y SPORTS
23813,MR SYLVAIN ROCHE
11733,CITADIS
11734,CA DU LAC DU BOURGET
11741,CC REGION SAVERNE
23749,CONSEIL DE L'EUROPE
23750,ISO TOP SA
23751,ELOGIE
23752,SNECMA
23753,MAIRIE DE DIJON
23754,CEA
23760,ERDF
23761,MAIRIE DE MORANGIS
23769,SCI COLENTIN
23789,LOCAPOSTE
658,CONSEIL DEPARTEMENTAL DAMBOVITA
661,MAIRIE DE SECTEUR 2/BUCAREST
3416,CONSEIL DEPARTEMENTAL DU DOUBS
8983,CCI/MACON
8989,CEGELEC
11748,BATIGERE RHONE ALPES
23762,BIN HAM GROUP
23763,COMMUNE DE HIERES SUR AMBY
23764,EPS VILLE D'EVRARD
23765,COMMUNE DE MOMMENHEIM
23766,P&LS
23767,MAIRIE DE LESNEVEN
23768,SIEHA
18637,SA REGIONALE D'HLM
3430,CONSEIL DEPARTEMENTAL 39
23770,CREDIT AGRICOLE IMMOBILIER RESIDENTIEL
23776,CCV BEAUMANOIR
23777,TETHYS
23778,CAFAN
23779,SAGUENAY
23780,ID GROUP
23781,ID KIDS
23782,JACADI
23783,OKAIDI
23784,OXYBUL EVEIL & JEUX
23785,LILNAT
677,MAIRIE DE RAMNICU VALCEA
9013,CONSEIL REGIONAL DE BOURGOGNE
9016,APERAM ALLOYS IMPHY
11773,CA DE ST QUENTIN EN YVELINES
11776,MAIRIE DE VILLEURBANNE
23771,GRDF
23786,REGION AQUITAINE LIMOUSIN POITOU CHARENTE
23787,EHPAD POUGNY
23788,RATP
9022,CCM
11791,SAS CARREFOUR PROPERTY
11792,MAIRIE DE DECINES
23772,HAPPY CHIC
23801,CREDIT AGRICOLE CHARENTE PERIGORD
23802,HYDROKARST
23803,FONCIERDEC
696,MUNICIPALITE BRAILA/UAT
3460,COMMUNE DE VALDOIE
3469,CITIVIA SPL
9030,HOSPICES CIVILS DE BEAUNE
21218,VILLE DE VICHY
11801,MAIRIE DE METZ
11803,MAIRIE DE SOLEYMIEUX
23773,BZB (BIZZBEE)
23774,BRICE
23775,JULES
713,ACOME
21210,EIFFAGE
21212,SCCV LA CHAPELLE SUR ERDRE ECODYS
11812,MACON HABITAT
23793,CC DE VITRY CHAMPAGNE ET DER
23794,CC DE LA BRIE DES ETANGS
23795,HABITAT DE L'ILL
23798,SAG VIGILEC SAS
3489,HABITAT 25
11820,CODEVAM
732,MUNCIPALITE FOCSANI
11830,VILLE DE LANGRES
6163,ACCOR
21035,SAGEM DEFENSE SECURITE
11848,VILLE DE MALAKOFF
11850,SANEF
22581,EBTP DE LA BRESLE
22611,LA POSTE - CENTRE DE COMPTABILITE FOURNISSEURS
22612,CIUP PARIS
22613,CERUR
22615,NB RENOVATION
22617,SARL JONAKEN
22694,OPH 64
756,LIRELEC
3520,METROPOLE DE NICE COTE D'AZUR
3522,VILLE D'ANTIBES JUAN LES PINS
3523,AEROPORT NICE COTE D'AZUR
6183,RENAULT TECHNOLOGIE ROUMANIE
11856,DREAL ALSACE
11864,MINDEF
768,SNCTP - MACON
770,DRTP
18118,COMMUNAUTE COMMUNES PAYS COULANGEOIS
775,SNCTP - DIJON
11870,SPLAAD
11873,MAIRIE DE MEYRARGUES
786,APRR
6213,AIR FRANCE
21425,COMMUNE DE TORIGNY LES VILLES
21429,S2I IMOCIA
797,SAVOIE TECHNOLAC
18159,COMMUNAUTE URBAINE DE CREUSOT MONTCEAU
804,SEBL
3566,CONSEIL DEPARTEMENTAL DES ALPES MARITIMES
3567,CONSTRUCTA
11896,AEROPORTS DE PARIS/BD RASPAIL
11900,AJI EUROPE
20894,GARCIA TRAITEUR
20900,FAUCHE BRETAGNE
22690,CARREFOUR-HYPERMARCHES
22796,HERVE THERMIQUE(16)
18302,SPL ALES CEVENNES
812,SERL
18622,COMMUNE DE BURE
19525,MAIRIE DE LOUVERNE
19526,SYNDICAT DES EAUX DE LA HAUTE VILAINE (2013)
19527,MAIRIE DE ST CYR EN PAIL
19529,CDC SEUIL CHARENTE PERIGORD
19530,CAP ATLANTIQUE
19531,EFFIA CONCESSIONS
11906,CD 59
22627,BE REAL
22646,ABS 56
23026,NOX ENERGIE AIN
18361,TROYES HABITAT - OPH DE TROYES

(2483 lignes affectÇes)
