1;20854;A A Z CONSTRUCTION
2;21911;AB+L ARCHITECTURE
3;21721;ABBAYE BENEDICTINE MAUMONT
4;23049;ABDP INGENIERIE
5;23267;ABEIL BET 
6;22299;ABERDEEN IMMOBILIEN KAPITALANLAGEGESELLSCHAFT
7;21953;ABG CLIMATIQUE
8;22646;ABS 56
9;22813;ABSCIS BERTIN CONSTRUCTION
10;6163;ACCOR
11;713;ACOME
12;21515;ACR
13;21122;ACTIPROM
14;18974;ADAPEI CHARENTE
15;21161;ADAPEI LES PAPILLONS BLANCS
16;18891;ADC CONSTRUCTIONS
17;23601;ADENT ARCHITECTURE
18;19379;ADIM OUEST
19;23224;ADIM REGIONS
20;18868;ADOMA RHONE ALPES
21;10784;ADP
22;5409;ADP
23;23681;ADYTON
24;20835;AEDIFIS
25;2638;AEROPORT BALE-MULHOUSE
26;18723;AEROPORT DE LA COTE D AZUR
27;8143;AEROPORT DE LYON/SAINT EXUPERY
28;2971;AEROPORT DE LYON/SAINT EXUPERY
29;3523;AEROPORT NICE COTE D'AZUR
30;2193;AEROPORTS DE LYON
31;1911;AEROPORTS DE LYON/COLOMBIER
32;7369;AEROPORTS DE PARIS
33;11896;AEROPORTS DE PARIS/BD RASPAIL
34;18100;AEROPORTS DE PARIS/PARIS
35;22272;AEW  EUROPE
36;23465;AFMAE
37;13494;AFTRP
38;18770;AFUL
39;22866;AFUL C C CARREFOUR ST SERGE
40;2942;AFUL CC CARREFOUR GUINGAMP
41;23147;AFUL CC CARREFOUR LA ROCHE/YON
42;22644;AFUL CENTRE COMMERCIAL ST HERBLAIN
43;23005;AFUL DU CC CARREFOUR BEAUJOIRE
44;19013;AFUL K2 LORIENT
45;21885;AGENCE ALLEGRE & BONANDRINI
46;22923;AGENCE ARCHITECTURE LANCTUIT
47;20417;AGENCE CAILLAUD-PIGUET
48;21989;AGENCE D'ARCHITECTURE GOISBEAU DANIEL
49;22933;AGENCE DE MOBILITê DU NORD IS‘RE
50;8586;AGENCE L'ANTON & ASSOCIES
51;20702;AGENCE PLAST
52;20266;AGENCE POLE EMPLOI IDF
53;23371;AGENCIA
54;23639;AGILIS
55;23524;AGROBIOTHERS LABORATOIRE
56;22976;AI16 - NOX ANGOULEME
57;22982;AI17 - NOX SAINTES
58;23800;AI33 - NOX BORDEAUX
59;19345;AIGUILLON CONSTRUCTION
60;19318;AIGUILLON RESIDENCE
61;6213;AIR FRANCE
62;1902;AIR FRANCE INDUSTRIES
63;23758;AIRBUS DEFENCE & SPACE SAS
64;1771;AIRBUS FRANCE
65;18136;AIRBUS OPERATIONS SAS
66;11900;AJI EUROPE
67;19428;AKERYS PROMOTION
68;21712;ALBINGIA
69;19412;ALCEANE OPH DE LA VILLE DU HAVRE
70;22599;ALIAN
71;21867;ALLARD
72;6243;ALLAYRAT
73;10293;ALLIADE HABITAT
74;18102;ALLIER HABITAT
75;22636;ALSER LAFORTEZZA
76;2646;ALSTOM
77;3782;ALSTOM GRID
78;3064;ALSTOM POWER SYSTEMS
79;4019;ALSTOM TRANSPORT
80;21706;ALTAREA COGEDIM
81;7560;ALTRAN
82;21813;ALYOTECH
83;18769;AMETIS PROVENCE ALPES COTE D'AZUR
84;19471;AMIENS METROPOLE
85;18368;AMIENS METROPOLE
86;19131;AMOCLE
87;3618;AMOME CONSEILS
88;23559;ANCRAGE ARCHITECTES
89;5389;ANDRA
90;18030;ANDRA CHATENAY MALABRY
91;1993;ANDRA/CHATENAY MALABRY
92;21137;ANDRE BTP
93;18286;ANIREF
94;22291;AOS FRANCE
95;22839;APAVIL SA VALCEA
96;21320;APEC IME MARC SIGNAC
97;9016;APERAM ALLOYS IMPHY
98;227;APERAM STAINLESS FRANCE/GUEUGNON
99;3914;APIJ
100;786;APRR
101;19482;ARC PROMOTION BRETAGNE
102;5223;ARCELORMITTAL - INDUSTEEL LOIRE
103;1283;ARCELORMITTAL FRANCE
104;18986;ARCENO
105;21847;ARCHAMBEAU
106;237;ARCHE 5
107;19204;ARCHIPEL HABITAT
108;21437;ARCHITECTE BRUNET
109;19087;ARCHITECTE DOMINIQUE NICOT
110;5341;ARCHITECTE KOCH PIERRE
111;21710;ARCHITECTURE FARDIN
112;7553;AREA
113;3981;AREP
114;9071;AREVA NP
115;3113;ARKEMA
116;4006;ARKEMA FRANCE
117;18847;ART CAM
118;23565;ASCO INDUSTRIES
119;13547;ASF SIEGE
120;19125;ASL DU C.C. CHOLET
121;22767;ASL HEROUVILLE ST CLAIR
122;18677;ASM / CLERMONT FERRAND
123;23411;ASPAC
124;22804;ASSOCIATION DIOCESAINE DE NANTES
125;19499;ASSOCIATION FOYER PROVINCE - EHPAD ABBAYE
126;19079;ASSOCIATION L'ARCHE EN CHARENTE
127;20123;ASSOCIATION SYNDICALE LIBRE DU NOUVEL ESPACE COMME
128;13929;ASTRIUM
129;23569;ATARAXIA
130;22872;ATELIER DU POISSONNIER
131;18386;ATELIER MONCHECOURT & CORD
132;22007;ATELIERS DE LA MABILAIS
133;21760;ATELIERS MARS
134;21717;ATHESIS
135;22765;ATLANTIC AMENAGEMENT
136;4718;ATMB
137;19975;ATREALIS PROMOTION
138;19593;ATRIUM
139;3960;ATS INGENIERIE
140;23755;ATTITUDES URBAINES
141;1868;AUCHAN
142;22934;AUCHAN / IMMOCHAN
143;19398;AURAY COMMUNAUTE
144;23168;AUTOBACS
145;7567;AUTOMOBILE DACIA
146;18715;AUTOMOTIVE LIGHTING REAR LAMPS FRANCE
147;18982;AXA
148;22541;AXA ASSURANCES IARD MUTUELLE
149;22232;AXA INVESTMENT MANAGERS DEUTSCHLAND GMBH
150;23660;AXE ET COURBES
151;18742;AXEO FM
152;23443;AXIANS
153;19006;AXIONE - UC 788
154;23003;AZIZI KHALED
155;3990;B PACK
156;22715;B&B HOTELS
157;18577;B2S
158;19838;BACHMANN
159;22042;BANCEL AGENCE NORMANDIE
160;22917;BANCILHON
161;23365;BARROS JEAN PIERRE
162;21731;BASE AERIENNE 721 - ROCHEFORT
163;23570;BASE AERIENNE 722 - USID ROCHEFORT
164;18976;BATI ARMOR
165;18977;BATI NANTES
166;19354;BATIGERE ILE DE FRANCE
167;23586;BATIGERE NORD EST
168;11748;BATIGERE RHONE ALPES
169;23470;BATIGERE SAREL
170;4017;BAUDIN CHATEAUNEUF
171;19438;BAYEUX - CENTRE HOSPITALIER
172;18776;BE LOUIS CHOULET
173;22627;BE REAL
174;19153;BEAUGE ARCHITECTE
175;19016;BEBE9
176;21757;BEGUE PEYRICHOU GERARD
177;7413;BENETEAU
178;23444;BER 21
179;22833;BEREPF II FRANCE TRINITE SAS
180;21452;BERNARD JEAN CHRISTOPHE
181;23513;BERTEAU BENOIT SPAR
182;21759;BERTO
183;21391;BERTRAND MORAGLIA ARCHITECTE DPLG
184;22879;BERTRAND TESSIER - ARCHITECTE
185;21347;BESTSELLER WHOSALE
186;22918;BIDAULT BATIMENT
187;23762;BIN HAM GROUP
188;7714;BIODEPE
189;23327;BIOMASSE ENERGIE DU LEON
190;7010;BIOTEC
191;21994;BLANLOEIL TRAVAUX PUBLICS
192;23037;BNOX BRINOX DEVELOPPEMENT
193;18478;BNP PARIBAS - REAL ESTATE
194;22385;BNP PARIBAS REAL ESTATE
195;23137;BNP PROMOTION IE
196;2132;BOBST
197;22695;BOISDRON BOUTY
198;20681;BOISSEAU BATIMENT
199;22762;BONNET NEVE SA
200;23303;BONNO OUVERTURES
201;23001;BORDEAUX METROPOLE AMENAGEMENT
202;18814;BOREALIS AB
203;20488;BOUCHAUD ARCHITECTES
204;21541;BOUTHEON / ST BONNET
205;22693;BOUWFONDS EREP FUND II
206;22438;BOUWFONDS EREPF
207;8407;BOUYGUES BATIMENT
208;23738;BOUYGUES BATIMENT GRAND OUEST
209;8409;BOUYGUES ENERGIES & SERVICES
210;19212;BOUYGUES IMMOBILIER
211;22670;BRANDI PARTNERS
212;23163;BRASSERIE BAVARIA
213;20995;BREST AVENIR IMMOBILIER
214;23016;BREST METROPOLE 
215;19218;BREST METROPOLE HABITAT
216;23018;BREST'AIM
217;19188;BRETAGNE SUD HABITAT
218;18777;BREZILLON SA
219;4341;BRGM
220;23774;BRICE
221;23372;BRION BENOÿT
222;21926;BS ARCHITECTURE
223;23672;BS INVEST HOLDING ET DIAR EL MADINA
224;22959;BSE
225;22066;BTPO
226;19311;BURTON
227;23773;BZB (BIZZBEE)
228;20589;C.C.A.S. DE BRIGUEUIL
229;18919;C.E.A. COOPERATIVE ELECTRIQUE AIXOISE
230;23068;C.H.I.M.B
231;22928;CA BASSIN ANNONAY
232;23493;CA BASSIN AURILLAC
233;22588;CA BOURGES
234;13554;CA DE NIMES METROPOLE
235;11773;CA DE ST QUENTIN EN YVELINES
236;8548;CA DE VICHY VAL D'ALLIER
237;6826;CA DU GRAND BESANCON
238;11734;CA DU LAC DU BOURGET
239;11655;CA DU PAYS D'AIX EN PROVENCE
240;5162;CA DU PAYS VOIRONNAIS
241;22827;CA EVRY CENTRE ESSONNE
242;23477;CA FORBACH PORTE DE FRANCE
243;23347;CA LES PORTES DE L'ESSONNE
244;18911;CA MARNE ET GONDOIRE
245;15620;CA PLAINE COMMUNE
246;2949;CA PORTE DE L'ISERE
247;1265;CA PORTES FRANCE THIONVILLE
248;8522;CA SAINT ETIENNE
249;15619;CA SAINT QUENTIN EN YVELINES
250;4824;CA VILLEFRANCHE BEAUJOLAIS SAONE
251;20392;CABINET MERCIER
252;23022;CAECE
253;19321;CAEN HABITAT
254;19542;CAF DES COTES D'ARMOR
255;19541;CAF GUINGAMP
256;23778;CAFAN
257;23154;CAISSE CARMF CAISSE AUTONOME DE RETRAITE
258;18656;CAISSE D'EPARGNE COTE D'AZUR
259;3923;CAISSE DES DEPOTS
260;19545;CALITOM
261;19198;CALVADOS HABITAT
262;19371;CAMAIEU INTERNATIONAL SAS
263;23645;CAMTEX
264;18382;CAMY
265;19530;CAP ATLANTIQUE
266;22880;CAP'INVEST
267;21963;CARALY PARIS 16
268;18980;CARDINAL
269;23329;CARLI LIONEL ARCHITECTE
270;22544;CARMF
271;19229;CARREFOUR
272;19516;CARREFOUR HYPERMARCHES
273;23000;CARREFOUR HYPERS
274;18675;CARREFOUR PROPERTY
275;19086;CARREFOUR PROPERTY GESTION
276;7589;CARREFOUR ROMANIA- HIPROMA SA
277;21917;CARREFOUR SA
278;22690;CARREFOUR-HYPERMARCHES
279;19539;CARSAT BRETAGNE
280;22791;CASINO MORLAIX
281;3633;CASINO RESTAURATION
282;4681;CAUDRILLIER SA
283;21192;CBI
284;2117;CC  DE LA HAUTE VALLEE DU SEREIN, TERRE  PLAINE
285;23650;CC ARDRE ET CHATILLONNAIS
286;4983;CC BEAUJOLAIS - VAUXONNE
287;23604;CC BEAUJOLAIS PIERRES DORêES 
288;10149;CC CHAMOUSSET EN LYONNAIS
289;23677;CC D'AUBERIVE VINGEANNE ET MONTSAUGEONNAIS
290;22708;CC DE BIEVRE EST
291;2897;CC DE FEURS
292;10236;CC DE L'ISLE CREMIEU
293;23794;CC DE LA BRIE DES ETANGS
294;2903;CC DE LA REGION DE BEAUJEU
295;23441;CC DE LA REGION DE GUEBWILLER
296;23587;CC DE LA REGION DE RAMBERVILLERS
297;23551;CC DE LA VALLEE DE ST AMARIN
298;23793;CC DE VITRY CHAMPAGNE ET DER
299;23421;CC DES PORTES DE LA THIERACHE
300;23019;CC DES VALLEES D'AIGUEBLANCHE
301;7043;CC DES VALLONS DU LYONNAIS
302;4756;CC DOMBES SAONE VALLEE
303;23355;CC DU BASSIN DE PONT A MOUSSON
304;8515;CC DU CANTON DE MONTLUEL
305;23721;CC DU GRAND LANGRES
306;23520;CC DU PAYS D'ERSTEIN
307;22853;CC DU PAYS D'OLLIERGUES
308;23516;CC DU PAYS DE COLOMBEY ET DU SUD TOULOIS
309;2882;CC DU PAYS DE L'ARBRESLE
310;2987;CC DU PAYS DE L'OZON
311;23416;CC DU PAYS DE NIEDERBRONN LES BAINS
312;23626;CC DU PAYS DES ETANGS
313;6853;CC DU PAYS DU GRESIVAUDAN
314;5124;CC DU PAYS MORNANTAIS
315;23521;CC DU PAYS ORNE MOSELLE
316;23122;CC DU PLATEAU D'HAUTEVILLE
317;23621;CC DU VAL DES COULEURS
318;23804;CC EPERNAY PAYS DE CHAMPAGNE
319;23696;CC GIENNOISES
320;18725;CC LE TONNERROIS EN BOURGOGNE
321;19431;CC MONTMORILLONNAIS
322;22572;CC PORTE DE DROMARDECHE
323;11741;CC REGION SAVERNE
324;22726;CC RHONE CRUSSOL
325;23332;CC RIVES DE MOSELLE
326;8600;CC VAL DE SAONE CHALARONNE
327;20134;CCAS CHATILLON EN VENDELAIS
328;23469;CCAS NICE
329;19184;CCI DU PAYS DE SAINT MALO
330;22592;CCI MARSEILLE PROVENCE
331;3827;CCI NICE COTE D'AZUR
332;22634;CCI PARIS ILE DE FRANCE
333;8983;CCI/MACON
334;9022;CCM
335;23776;CCV BEAUMANOIR
336;10262;CD 13
337;4758;CD 21
338;18694;CD 26
339;4761;CD 38 - GRENOBLE
340;4765;CD 42 - ST ETIENNE
341;11906;CD 59
342;10232;CD 60
343;991;CD 67
344;13552;CD 69
345;4773;CD 73
346;2864;CD 84
347;10301;CD 92
348;19583;CDC BANDIAT TARDOIRE
349;22060;CDC CHARENTE BOEME CHARRAUD
350;19514;CDC D'HORTE ET LAVALETTE
351;19582;CDC DE HAUTE CHARENTE
352;23737;CDC HAUTE TARENTAISE
353;19529;CDC SEUIL CHARENTE PERIGORD
354;23115;CDG 21
355;23754;CEA
356;8989;CEGELEC
357;20013;CEGELEC INFRA BRETAGNE
358;23236;CELEX
359;18738;CENTRAL FINANCE AND CONTRACTS UNIT TURKEY
360;22654;CENTRE COMMERCIAL CORA
361;19312;CENTRE DE GESTION DE LA MANCHE
362;23382;CENTRE DE REEDUCATION SPECIALISE ST LUC
363;19460;CENTRE DES FINANCES PUBLIQUES DE LA CHARENTE
364;23618;CENTRE DES IMPOTS COTE IVOIRE
365;22848;CENTRE EDUCATIF CAMILLE VEYRON
366;22924;CENTRE HOSPITALIER CAMILLE CLAUDEL
367;20586;CENTRE HOSPITALIER CAMILLE CLAUDEL
368;19291;CENTRE HOSPITALIER DE GIRAC
369;20408;CENTRE HOSPITALIER DE JONZAC
370;22758;CENTRE HOSPITALIER DE LA ROCHEFOUCAULD
371;19261;CENTRE HOSPITALIER DE LA ROCHELLE
372;23072;CENTRE HOSPITALIER DE NOVILLARS
373;3318;CENTRE HOSPITALIER DE PONTARLIER
374;19220;CENTRE HOSPITALIER DE REDON
375;19264;CENTRE HOSPITALIER DE ROYAN
376;20158;CENTRE HOSPITALIER DE RUFFEC
377;23255;CENTRE HOSPITALIER DE SAINTONGE
378;19579;CENTRE HOSPITALIER ESQUIROL
379;22974;CENTRE HOSPITALIER INTERCOMMUNAL MONTS ET BARRAGE
380;22685;CENTRE HOSPITALIER LABAJOUDERIE
381;9914;CENTRE HOSPITALIER SAINTE ANNE
382;23533;CENTRE NATIONAL DU CINEMA ET DE L'IMAGE ANIMEE
383;19331;CENTRE REGIONAL DE DOCUMENTATION
384;23428;CENTRE SOCIAL D'ARGONNE
385;23128;CENTREX
386;22613;CERUR
387;22936;CEVA FREIGHT MANAGEMENT FRANCE SAS
388;1833;CFA
389;20493;CFA GRAND OUEST
390;2204;CFA RHONE ALPES AUVERGNE
391;22705;CFAO
392;23700;CFC FACADES
393;20546;CGR (CONSTRUCTION GENERALE RENNAISE)
394;22803;CH SAINT DENIS
395;20911;CHAINE THERMALE DU SOLEIL
396;23624;CHAMBAUD ARCHITECTES
397;10203;CHAMBERY METROPOLE
398;21258;CHAMBRE DE COMMERCE ET D'INDUSTRIE D'ANGOULEME
399;22899;CHAMBRE DES METIERS
400;20358;CHAMBRE DES METIERS ET DE L ARTISANAT DU MORBIHAN
401;23417;CHAMBRE DES METIERS ET DE L'ARTISANAT DE MOSELLE
402;22390;CHAMPGUEFFIER
403;19102;CHAMPTOCE DISTRI
404;13518;CHARTRES AMENAGEMENT
405;19884;CHATEAULIN DISTRIBUTION
406;18972;CHAUNY
407;1235;CHEREAU SAS
408;19101;CHESAPEAKE
409;22597;CHRONO-MATERIEL
410;19032;CHRU DE BREST
411;22575;CHRU MONTPELLIER
412;20670;CHS ALLONNES
413;20485;CHU DE CAEN
414;23387;CHU DE REIMS
415;19332;CIAS CIDERAL
416;21859;CIAS DU CONFOLENTAIS
417;19389;CIAS OUEST RENNES
418;23695;CICO
419;20798;CIF COOPERATIVE
420;22483;CILOGER
421;18821;CIRCET
422;20879;CIRCUIT DU MAINE
423;11733;CITADIS
424;3469;CITIVIA SPL
425;22612;CIUP PARIS
426;10039;CLEMESSY
427;1874;CLEMESSY
428;15748;CLEMESSY C3
429;18678;CLERMONT COMMUNAUTE
430;19056;CLIENT TYPE NOXA
431;19132;CLIMAVER
432;21697;CLIMIX
433;23238;CLUB MED
434;18921;CLUB TROLLSPORTS TRIAL
435;21410;CNFPT
436;20121;CNFTP
437;3846;CNRS - VILLEURBANNE
438;23591;CNRS DELEGATION CENTRE EST
439;11820;CODEVAM
440;22719;COFELY SUD OUEST - GDF SUEZ
441;23550;COFINANCE SAS
442;23429;COFINIMMO
443;23622;COFINIMMO SA SUCCURSALE
444;23715;COFIROUTE
445;19057;COGNAC FERRAND
446;22822;COLAS SA
447;22454;COLISEE RE
448;23230;COLLIERS  INTERNATIONAL
449;21021;COLMABU SAS
450;23634;COLMAR AGGLOMERATION
451;19457;COLOMBES HABITAT PUBLIC
452;23076;COM COM  DU PAYS DES BRIERES ET DU GESNOIS
453;23555;COM COM SOMBERNONNAIS ET VALLEE DE L'OUCHE
454;19216;COMAGA
455;22187;COMMERZ REAL
456;23811;COMMERZ REAL INVESTMENT GESELLSCHAFT MBH
457;19350;COMMUNAUT+ DES COMMUNES DU BOCAGE MAYENNAIS
458;18644;COMMUNAUTE AGGLOMERATION DIJONNAISE
459;18494;COMMUNAUTE AGGLOMERATION SEINE EURE
460;22768;COMMUNAUTE AGGLOMERATION SOPHIA ANTIPOLIS
461;22781;COMMUNAUTE AGGLOMERATION TOULON PROVENCE MEDITERRA
462;22812;COMMUNAUTE COMMUNE COEUR DE MAURIENNE
463;23394;COMMUNAUTE COMMUNE LORRAINES DU LONGUYONNAIS
464;1254;COMMUNAUTE COMMUNE PAYS DES ETANGS
465;1145;COMMUNAUTE COMMUNES AGGLOMERATION SARREBOURG
466;18111;COMMUNAUTE COMMUNES BASSIN POMPEY
467;20632;COMMUNAUTE COMMUNES LA FERTE SAINT MICHEL
468;18118;COMMUNAUTE COMMUNES PAYS COULANGEOIS
469;1128;COMMUNAUTE COMMUNES VAL DE MOSELLE
470;1222;COMMUNAUTE COMMUNES VALLEE HUNDSBACH
471;18558;COMMUNAUTE D'AGGLOMERATION BAR LE DUC SUD MEUSE
472;23420;COMMUNAUTE D'AGGLOMERATION DE CHALONS EN CHAMPAGNE
473;19496;COMMUNAUTE D'AGGLOMERATION DE LA ROCHELLE
474;19255;COMMUNAUTE D'AGGLOMERATION DE LAVAL
475;23296;COMMUNAUTE D'AGGLOMERATION DU GRAND VERDUN
476;21837;COMMUNAUTE D'AGGLOMERATION SOPHIA ANTIPOLIS
477;19523;COMMUNAUTE DE COMMUNED COTE DE PENTHIEVRE
478;21131;COMMUNAUTE DE COMMUNES  BROCELIANDE
479;23662;COMMUNAUTE DE COMMUNES ALPES D'AZUR
480;23552;COMMUNAUTE DE COMMUNES AVRANCHES - MONT ST MICHEL
481;19939;COMMUNAUTE DE COMMUNES BAIE DU MONT SAINT MICHEL
482;23691;COMMUNAUTE DE COMMUNES CANTON ST PIERRE EGLISE
483;22785;COMMUNAUTE DE COMMUNES DE BONNEE
484;23234;COMMUNAUTE DE COMMUNES DE COGNAC
485;19243;COMMUNAUTE DE COMMUNES DE JARNAC
486;19418;COMMUNAUTE DE COMMUNES DE L'ERNêE
487;23405;COMMUNAUTE DE COMMUNES DE L'ILE D'OLERON
488;20988;COMMUNAUTE DE COMMUNES DE L.A. MERIDIONALE
489;23522;COMMUNAUTE DE COMMUNES DE LA BOIXE
490;19167;COMMUNAUTE DE COMMUNES DE LA FERTE ST AUBIN
491;19466;COMMUNAUTE DE COMMUNES DE PAIMPOL-GOELO
492;23530;COMMUNAUTê DE COMMUNES DES 2 SARRES
493;20755;COMMUNAUTE DE COMMUNES DES 4B SUD CHARENTE
494;18925;COMMUNAUTE DE COMMUNES DIGOIN VAL DE LOIRE
495;19492;COMMUNAUTE DE COMMUNES DU CANTON DE GEMOZAC
496;19585;COMMUNAUTE DE COMMUNES DU HAUT TREGOR
497;23196;COMMUNAUTE DE COMMUNES DU MENE
498;22939;COMMUNAUTE DE COMMUNES DU PAYS DE COMMERCY
499;23657;COMMUNAUTE DE COMMUNES DU PAYS DE LIVAROT
500;18611;COMMUNAUTE DE COMMUNES DU PAYS DE NUITS ST GEORGES
501;19519;COMMUNAUTê DE COMMUNES DU PAYS DE QUIMPERLê
502;19283;COMMUNAUTE DE COMMUNES DU PAYS DE REDON
503;20592;COMMUNAUTE DE COMMUNES DU ROUILLACAIS
504;18278;COMMUNAUTE DE COMMUNES DU SILLON MOSELLAN
505;5344;COMMUNAUTE DE COMMUNES DU TILLEUL
506;21458;COMMUNAUTE DE COMMUNES DU VAL D'OUST ET DE LANVAUX
507;23501;COMMUNAUTE DE COMMUNES DU VAL DU LOIR
508;18077;COMMUNAUTE DE COMMUNES ENTRE SOMME ET LOIRE
509;19551;COMMUNAUTE DE COMMUNES ILE DE RE
510;23071;COMMUNAUTE DE COMMUNES LA PLAINE JURASSIENNE
511;19977;COMMUNAUTE DE COMMUNES LANVOLLON PLOUHA
512;19503;COMMUNAUTE DE COMMUNES PAYS AUGE
513;23189;COMMUNAUTE DE COMMUNES PAYS BELMONTAIS
514;22891;COMMUNAUTE DE COMMUNES PAYS CORBIGEOIS
515;23044;COMMUNAUTE DE COMMUNES PAYS D'APT LUBERON
516;23608;COMMUNAUTE DE COMMUNES SUD EST DU PAYS MANCEAU
517;20705;COMMUNAUTE DE COMMUNES SUD GOELO
518;19532;COMMUNAUTE DE COMMUNES TUDE ET DRONNE
519;22752;COMMUNAUTE DE COMMUNES VAL DE SAONE CHALARONNE
520;19486;COMMUNAUTE DES COMMUNES DE LOC'H
521;19449;COMMUNAUTE URBAINE DE CHERBOURG
522;18159;COMMUNAUTE URBAINE DE CREUSOT MONTCEAU
523;23678;COMMUNAUTE URBAINE DU GRAND NANCY
524;19510;COMMUNAUTE URBAINE DU GRAND TOULOUSE
525;18098;COMMUNAUTE URBAINE LE GRAND NANCY
526;23276;COMMUNE AURIBEAU SUR SIAGNE
527;19356;COMMUNE D'ABLON SUR SEINE
528;23509;COMMUNE D'ABRESCHVILLER
529;23392;COMMUNE D'AGGLOMERATION EPINAL
530;19461;COMMUNE D'AMFREVILLE
531;23177;COMMUNE D'ARACHES
532;23539;COMMUNE D'ATTIGNY
533;18431;COMMUNE D'AUGNY
534;23518;COMMUNE D'AZE
535;23077;COMMUNE D'ELVEN
536;23742;COMMUNE D'ENNERY
537;1985;COMMUNE D'HAGONDANGE
538;19333;COMMUNE D'HERBIGNAC
539;23636;COMMUNE DE AZE
540;1973;COMMUNE DE BAR LE DUC
541;4095;COMMUNE DE BELFORT
542;20981;COMMUNE DE BELGEARD
543;23191;COMMUNE DE BELLEVAUX
544;19378;COMMUNE DE BENON
545;18833;COMMUNE DE BERNOUIL
546;23362;COMMUNE DE BOOS
547;22900;COMMUNE DE BRUYERES
548;18622;COMMUNE DE BURE
549;19584;COMMUNE DE CERENCES
550;22710;COMMUNE DE CHALMOUX
551;22947;COMMUNE DE CHALONNES SUR LOIRE
552;18285;COMMUNE DE CHATOU
553;19199;COMMUNE DE CHERMIGNAC
554;19553;COMMUNE DE CHEVANCEAUX
555;23571;COMMUNE DE CHISSEY EN MORVAN
556;23499;COMMUNE DE CLERMONT EN ARGONNE
557;2565;COMMUNE DE COURCELLES-CHAUSSY
558;23532;COMMUNE DE CROSSAC
559;9280;COMMUNE DE DOMECY SUR CURE
560;23384;COMMUNE DE EPERNAY
561;21221;COMMUNE DE GAVRES (56)
562;23757;COMMUNE DE GOUDELIN
563;23623;COMMUNE DE GRAND FAILLY
564;5337;COMMUNE DE HEIMERSDORF
565;23763;COMMUNE DE HIERES SUR AMBY
566;5225;COMMUNE DE HUNINGUE
567;19028;COMMUNE DE IRVILLAC
568;23687;COMMUNE DE JARVILLE LA MALGRANGE
569;23490;COMMUNE DE JAVRON LES CHAPELLES
570;23434;COMMUNE DE KUTZENHAUSEN
571;23708;COMMUNE DE LA GUICHE
572;19469;COMMUNE DE LA JUBAUDIERE
573;19370;COMMUNE DE LA VRAIE CROIX
574;23497;COMMUNE DE LACROIX SUR MEUSE
575;22593;COMMUNE DE LANGRES
576;23408;COMMUNE DE LE BONO
577;23302;COMMUNE DE LE MINIHIC SUR RANCE
578;19995;COMMUNE DE LEGE
579;22819;COMMUNE DE LESME
580;23295;COMMUNE DE LESSAY
581;21887;COMMUNE DE LISSES
582;23467;COMMUNE DE MANONCOURT EN VERMOIS
583;20993;COMMUNE DE MARIGNE PEUTON
584;23491;COMMUNE DE MENIL
585;23436;COMMUNE DE MEREVILLE
586;1937;COMMUNE DE METZ
587;23765;COMMUNE DE MOMMENHEIM
588;23195;COMMUNE DE MONT-BONVILLERS
589;18199;COMMUNE DE MONTAUVILLE
590;23173;COMMUNE DE MONTBONNOT ST MARTIN
591;23336;COMMUNE DE MONTCHANIN
592;19888;COMMUNE DE MONTREUIL LE GAST
593;2039;COMMUNE DE MULHOUSE
594;23413;COMMUNE DE NANCRAS
595;5322;COMMUNE DE NOIDANS LES VESOUL
596;23182;COMMUNE DE ORIGNOLLES
597;18887;COMMUNE DE PERRIGNY SUR ARMANÄON
598;19414;COMMUNE DE PETIT MARS
599;23233;COMMUNE DE PLOGASTEL ST GERMAIN
600;23531;COMMUNE DE PLOURIVO
601;19560;COMMUNE DE PLUMELEC
602;23535;COMMUNE DE PONT PEAN
603;21064;COMMUNE DE PONTORSON
604;23709;COMMUNE DE PORTO VECCHIO
605;22782;COMMUNE DE POUILLY E NAUXOIS
606;18275;COMMUNE DE QUETIGNY
607;5321;COMMUNE DE RAON L'ETAPE
608;2588;COMMUNE DE RETTEL
609;23376;COMMUNE DE ROHAN
610;23544;COMMUNE DE SAINT BRIAC SUR MER
611;23536;COMMUNE DE SAINT CAST LE GUILDO
612;23704;COMMUNE DE SAINT JEAN CAP FERRAT
613;23485;COMMUNE DE SAINT JEAN DE SIXT
614;19808;COMMUNE DE SAINT LUNAIRE
615;23537;COMMUNE DE SAINT MARDS DE BLACARVILLE
616;23495;COMMUNE DE SAINT THEGONNEC
617;19256;COMMUNE DE SAINT-DENIS D'OLERON
618;19320;COMMUNE DE SAINT-GEORGES DES COTEAUX
619;19577;COMMUNE DE SAINTE RADEGONDE
620;18640;COMMUNE DE SANTENAY
621;5400;COMMUNE DE SAPOIS
622;19589;COMMUNE DE SARZEAU
623;23489;COMMUNE DE ST GEORGES DE ROUELLEY
624;23192;COMMUNE DE ST MAURICE LES CHATEAUNEUF
625;21425;COMMUNE DE TORIGNY LES VILLES
626;23653;COMMUNE DE TRESSANGE
627;3460;COMMUNE DE VALDOIE
628;23412;COMMUNE DE VENDAYS MONTALIVET
629;23676;COMMUNE DE VERRIERES
630;19268;COMMUNE DES SORINIERES
631;23644;COMMUNE DU BOIS D OINGT
632;2950;COMMUNE DU CREUSOT
633;23409;COMMUNE DU CROISIC
634;22676;COMMUNE DU PELLERIN
635;22760;COMMUNE DU ROURET
636;13666;COMPAGNIE DE PHALSBOURG
637;22028;COMPAGNIE FERMIERE DE SERVICES PUBLICS
638;622;COMPAGNIE NATIONALE DE AUTOROUTES ET ROUTES
639;19562;CONCARNEAU CORNOUAILLE AGGLOMERATION
640;21935;CONCEPT TY
641;19127;CONFRASILVAS
642;23293;CONGREGATION DES SOEURS SAINTE MARTHE
643;20621;CONSEIL D'ETAT
644;23749;CONSEIL DE L'EUROPE
645;23395;CONSEIL DEPARTAMENTAL ILFOV
646;6971;CONSEIL DEPARTEMENTAL 01
647;1707;CONSEIL DEPARTEMENTAL 21
648;3430;CONSEIL DEPARTEMENTAL 39
649;18795;CONSEIL DEPARTEMENTAL 41
650;4305;CONSEIL DEPARTEMENTAL 42
651;4309;CONSEIL DEPARTEMENTAL 69
652;3389;CONSEIL DEPARTEMENTAL 70
653;5967;CONSEIL DEPARTEMENTAL 71
654;11370;CONSEIL DEPARTEMENTAL 73
655;3940;CONSEIL DEPARTEMENTAL 77
656;18902;CONSEIL DEPARTEMENTAL 86
657;3377;CONSEIL DEPARTEMENTAL 89
658;11371;CONSEIL DEPARTEMENTAL 92
659;18755;CONSEIL DEPARTEMENTAL ALPES MARITIMES 06
660;23810;CONSEIL DEPARTEMENTAL D'EURE ET LOIR
661;19196;CONSEIL DEPARTEMENTAL D'ILLE ET VILAINE
662;658;CONSEIL DEPARTEMENTAL DAMBOVITA
663;4774;CONSEIL DEPARTEMENTAL DE HAUTE SAVOIE
664;23169;CONSEIL DêPARTEMENTAL DE L'HERAULT
665;19290;CONSEIL DEPARTEMENTAL DE LA CHARENTE
666;23472;CONSEIL DEPARTEMENTAL DE LA COTE D'OR
667;19416;CONSEIL DEPARTEMENTAL DE LA HAUTE MARNE
668;13966;CONSEIL DEPARTEMENTAL DE LA LOIRE ATLANTIQUE
669;23386;CONSEIL DEPARTEMENTAL DE LA MARNE
670;19203;CONSEIL DEPARTEMENTAL DE LA SARTHE
671;19336;CONSEIL DEPARTEMENTAL DE LA VIENNE
672;23414;CONSEIL DEPARTEMENTAL DE MOSELLE
673;3566;CONSEIL DEPARTEMENTAL DES ALPES MARITIMES
674;23630;CONSEIL DEPARTEMENTAL DES COTES D'ARMOR
675;21774;CONSEIL DEPARTEMENTAL DES COTES D'ARMOR
676;18653;CONSEIL DEPARTEMENTAL DES HAUTES ALPES 05
677;23297;CONSEIL DEPARTEMENTAL DES VOSGES
678;18464;CONSEIL DEPARTEMENTAL DU 93
679;3416;CONSEIL DEPARTEMENTAL DU DOUBS
680;22656;CONSEIL DEPARTEMENTAL DU FINISTERE
681;23250;CONSEIL DêPARTEMENTAL DU VAL D'OISE
682;18129;CONSEIL DEPARTEMENTAL MEHEDINTI
683;19329;CONSEIL DEPARTEMENTAL MORBIHAN
684;588;CONSEIL DEPARTEMENTAL PRAHOVA
685;19570;CONSEIL ET ASSISTANCE GT LOCATION PARIS
686;22882;CONSEIL REGIONAL D'AQUITAINE
687;19571;CONSEIL REGIONAL DE BASSE NORMANDIE
688;9013;CONSEIL REGIONAL DE BOURGOGNE
689;19213;CONSEIL REGIONAL DES PAYS DE LA LOIRE
690;870;CONSEIL REGIONAL MARTINIQUE
691;23370;CONSERVATOIRE DU LITTORAL
692;23210;CONSORTS MAHE
693;3567;CONSTRUCTA
694;23167;CONSTRUCTA PRIVATE SERVICES
695;19161;CONSTRUCTA PROMOTION
696;21611;CONSTRUCTION COTE D'EMERAUDE
697;21910;CONSTRUCTION DU HAUT ANJOU
698;23073;CONSTRUCTIONS LE BIHAN KERBOETHAU
699;23274;CONSTRUCTIONS PONGELARD
700;23315;COOPERATION ET FAMILLE
701;23306;CORA
702;23659;COREVA
703;2019;COSEA - SGI
704;19327;COTES D'ARMOR HABITAT
705;19467;COUR APPEL DE CAEN
706;23254;COUTIER INDUSTRIE
707;23096;COVEA IMMOBILIER
708;23337;CP CONCEPT
709;23045;CPAM DE LA CHARENTE
710;23066;CPAM NICE
711;22865;CPF ASSET MANAGEMENT
712;23801;CREDIT AGRICOLE CHARENTE PERIGORD
713;19947;CREDIT AGRICOLE D'I & V
714;23162;CREDIT AGRICOLE IMMOBILIER
715;23770;CREDIT AGRICOLE IMMOBILIER RESIDENTIEL
716;23277;CREDIT AGRICOLE LOIRE ATLANTIQUE VENDEE
717;3049;CREDIT AGRICOLE LOIRE HAUTE LOIRE
718;18779;CREDIT COOPERATIF
719;22327;CREDIT FONCIER IMMOBILIER CONSEIL ET AUDIT
720;1845;CREUSOT FORGE
721;22988;CROUS DE LYON SAINT ETIENNE
722;18852;CROUS DE PARIS
723;19489;CROUS DE RENNES
724;23330;CSA
725;23628;CSBI - MAIRIE DE GIRECOURT
726;2870;CTE DE COMMUNES SAONE-BEAUJOLAIS
727;4925;CU MARSEILLE PROVENCE METROPOLE
728;21920;CUISINELLA
729;23111;CUISINES D'ART'ROME
730;21838;CUIVRINOX
731;20863;CV CLIM
732;18888;D3 SOCIêTê DE LA DêVIATION DE TROISSEREUX
733;22849;DAHMOUN SARL
734;20254;DARTY OUEST
735;19488;DARTY STE SOULE
736;23511;DAVY COUVERTURES
737;4012;DCB INTERNATIONAL
738;21822;DCNS
739;19358;DDE DE L'EURE
740;22526;DDE DE L'EURE
741;22883;DDT 63
742;2715;DDT DU HAUT RHIN
743;4817;DECATHLON
744;19357;DECATHLON - LANNION
745;19031;DECLIC FS
746;15625;DEFACTO_ETABLISSEMENT PUBLIC DE GESTION
747;20322;DEFOND MACONNERIE
748;23078;DEFONTAINE SA
749;21724;DEGAINE
750;19611;DEGANO
751;22326;DEKA EQWATER SARL
752;22418;DEKA IMMOBILIEN INVESTMENT GMBH
753;21881;DELOURMEL
754;23710;DELTA
755;23084;DEPARTEMENT D'ILLE & VILAINE
756;22790;DEPARTEMENT DE LA CHARENTE MARITIME
757;3919;DEPARTEMENT DE LA COTE D'OR
758;23585;DEPARTEMENT DE LA MANCHE
759;23682;DEPARTEMENT DE LA MEUSE
760;23594;DEPARTEMENT DE LA SEINE SAINT DENIS
761;19387;DEPARTEMENT DE PARIS
762;23602;DEPARTEMENT DES BOUCHES DU RHONE
763;19388;DEPARTEMENT DES HAUTS DE SEINE
764;17139;DEPARTEMENT DU RHONE - LYON
765;23703;DEPARTEMENT DU VAR
766;23809;DGAF - DIR. DE L'ADMIN. GENERALE DES FINANCES
767;23640;DIAR EL MADINA
768;21823;DIDIER ZOZIO ARCHITECTE
769;23583;DIFIM
770;22761;DIJON HABITAT
771;18787;DILLINGER FRANCE 
772;18810;DINA MACHEDON
773;19147;DINAN CODI HABITAT - OPH
774;23190;DINAN COMMUNAUTE
775;23593;DINARD MARKET SPAR
776;10144;DIR CENTRE EST
777;18679;DIR MEDITERANEE
778;18466;DIR OUEST
779;19385;DIRECTION DEPARTEMENTALE TERRITOIRES D'ANGOULEME
780;19295;DIRECTION DES TERRITOIRES ET DE LA MER
781;18123;DIRIF
782;23646;DIRIF OUEST
783;18076;DISP CENTRE-EST DIJON
784;19190;DISP DE RENNES
785;23607;DLJ GESTION
786;19082;DODEMAN DENIS ARCHITECTE
787;23667;DOMANYS
788;20771;DOMUS ARCHITECTURE
789;19942;DONADA
790;21141;DOS SANTOS
791;23316;DOS SANTOS BATIMENT
792;19163;DOUARNENEZ HABITAT
793;10286;DRE DE FRANCHE COMTE
794;10347;DRE ILE DE FRANCE
795;8667;DREAL
796;11856;DREAL ALSACE
797;10169;DREAL BOURGOGNE
798;13525;DREAL FRANCHE COMTE
799;18503;DREAL LORRAINE
800;13526;DREAL PACA
801;23237;DRFIP BRETAGNE ILLE ET VILAINE
802;18336;DRIEA
803;18122;DRIEA IF AGER OUEST
804;18324;DROME AMENAGEMENT HABITAT
805;21924;DROMER
806;21893;DROUIN BATIMENT
807;770;DRTP
808;23722;DU HAUT CLUZEAU SNC
809;22735;DUBOSCLARD
810;22764;DUMAS FLEUR
811;22824;DYNAMIQUE FROID SERVICE
812;19706;E.M.C.
813;19201;EADM
814;21108;EASY DIS
815;22581;EBTP DE LA BRESLE
816;22984;EC35 - NOX SAINT MALO
817;22983;EC44 - NOX NANTES 2
818;23675;ECDM
819;22724;ECOLE CENTRALE MARSEILLE
820;21967;ECOLE DES METIERS DE L'ENVIRONNEMENT
821;22811;ECOLE DES MINES ALES
822;23290;ECOLE NORMALE SUPERIEURE DE LYON
823;4830;EDF
824;4037;EDF
825;2529;EDF
826;5284;EDF
827;13472;EDF - ANAPRI
828;11713;EDF - CIH MULHOUSE
829;2589;EDF - DIRECTION DES ACHATS
830;19386;EDF - DPIT UP CORDEMAIS
831;10181;EDF CIH
832;19513;EDF DIRECTION COMMERCE GRAND CENTRE
833;10856;EDF DIRECTION DES ACHATS
834;18290;EDF DIRECTION IMMOBILIER GROUPE
835;2610;EDF DIRECTION IMMOBILIERE
836;23121;EDF ENERGIES NOUVELLES - BEZIERS
837;18309;EDF FLAMANVILLE
838;19036;EDF OPTIMAL - NANTES
839;18147;EDF OPTIMAL SOLUTION
840;18320;EDF OPTIMAL SOLUTIONS
841;19314;EDF OPTIMAL SOLUTIONS
842;22011;EDF OPTIMAL SOLUTIONS - VANNES
843;2005;EDF SETRAL
844;19487;EDF TOURS
845;18218;EDF ULM ALN
846;23338;EDF-CENTRE NUCLEAIRE DE PRODUCTION D'ELECTRICITE 
847;22973;EDIMAG
848;21739;EDOUARD DENIS
849;19531;EFFIA CONCESSIONS
850;19275;EFIDIS
851;13553;EGIS RAIL
852;19037;EGLISE PROTESTANTE UNIS DE RENNES
853;23656;EHPAD "LES HESPERIDES"
854;22643;EHPAD AU SAVEL
855;23647;EHPAD DE ST ANDRE 
856;21231;EHPAD HABRIOUX
857;23389;EHPAD LEGAY COLIN
858;18871;EHPAD LES CURTINES
859;23787;EHPAD POUGNY
860;21210;EIFFAGE
861;21147;EIFFAGE CONSTRUCTION
862;3585;EIFFAGE CONSTRUCTION
863;19436;EIFFAGE CONSTRUCTION 44
864;23326;EIFFAGE CONSTRUCTION ILE ET VILAINE
865;19524;EIFFAGE CONSTRUCTION METZ
866;22817;EIFFAGE COTE D'ARMOR
867;22025;EIFFAGE ENERGIE
868;21897;EIFFAGE ENERGIE POITOU-CHARENTES
869;20893;EIFFAGE ENERGIE THERMIE ATLANTIQUE
870;20650;EIFFAGE FOUGERES
871;22798;EIFFAGE IMMOBILIER
872;23113;EIFFAGE IMMOBILIER NORD OUEST
873;22628;EIFFAGE TP
874;10278;EIFFAGE TP - ETS GAUTHEY
875;18906;EIFFAGE TP IDF
876;10143;EIFFAGE TRAVAUX PUBLICS
877;18743;EIFFAGE/DRACY LE FORT
878;20373;ELITEL RESEAUX
879;19027;ELLENA MEHL ARCHITECTES
880;23751;ELOGIE
881;8484;EM2C
882;19210;EMERAUDE HABITATION
883;23312;EMERSON INDUSTRIAL AUTOMATION
884;19276;EMMA_S HABITAT
885;23736;ENGIE ENERGIE SERVICES
886;21418;ENIB
887;552;ENT DIVERSES ET COLLECTIVITES - HM
888;575;ENT GUILLERMIN
889;7760;ENT SBTP
890;7772;ENT SERANGE
891;7903;ENT SOCATER
892;561;ENT TERELEC SARL
893;1360;ENTPE
894;21076;ENTREPRISE
895;20790;ENTREPRISE  MAROC
896;23446;ENTREPRISE AUBIN
897;22010;ENTREPRISE BENETEAU CONSTRUCTION
898;21925;ENTREPRISE BERGAMASCO
899;20580;ENTREPRISE BERNARD MOREAU
900;19990;ENTREPRISE BIRSIN NEUF ET RENOVATION
901;21728;ENTREPRISE BOUGAUD
902;20998;ENTREPRISE CBI
903;21863;ENTREPRISE CLEMENT ET FILS
904;22570;ENTREPRISE DEMONGEOT
905;18917;ENTREPRISE DUMAS TP
906;18971;ENTREPRISE ECK
907;23451;ENTREPRISE EMERAUDE PEINTURE
908;21496;ENTREPRISE ERS
909;22029;ENTREPRISE GUERIF
910;23272;ENTREPRISE GUINDE
911;21267;ENTREPRISE JAFFRE
912;19074;ENTREPRISE LE LOUARN
913;23450;ENTREPRISE LECOQ
914;21237;ENTREPRISE LELIEVRE
915;19665;ENTREPRISE MADIC
916;23453;ENTREPRISE MARTIAL
917;23452;ENTREPRISE MIRIEL
918;23135;ENTREPRISE PASDELOUP
919;23448;ENTREPRISE PORCHER
920;23269;ENTREPRISE POTIN
921;23270;ENTREPRISE QUELAIS
922;23311;ENTREPRISE QUEMARD
923;21660;ENTREPRISE SDEL JANZ+
924;22902;ENTREPRISE SMEE
925;23271;ENTREPRISE SODIMAC
926;23273;ENTREPRISE SOMEVAL
927;22065;ENVIE 44
928;22664;EON BERTRAND
929;18923;EPA BORDEAUX EURATLANTIQUE
930;11917;EPADESA
931;23129;EPAFRANCE
932;4838;EPANI
933;18613;EPAURIF
934;23002;EPDA DU GLANDIER
935;10968;EPFL
936;8655;EPORA
937;23764;EPS VILLE D'EVRARD
938;22594;EPSM CAEN
939;23526;EPSM JM CHARCOT
940;22064;ERB
941;23760;ERDF
942;18412;ERMONT HABITAT
943;20024;ERS MAINE
944;19617;ESBTP
945;8519;ESCOTA
946;875;ESCOTA
947;22741;ESID DE LYON
948;19483;ESPACE DOMICILE
949;19447;ESPACIL HABITAT
950;19399;ESPACIL RESIDENCES
951;22952;EST METROPOLE HABITAT
952;2572;ETABLISSEMENT D'INFRASTRUCTURE DE LA DEFENSE
953;23683;ETABLISSEMENT DE SANTE MENTALE
954;21080;ETABLISSEMENT DUPRE
955;19265;ETABLISSEMENT PUBLIC DEPARTEMENTAL LES 2 MONTS
956;23689;ETABLISSEMENT PUBLIC FONCIER POITOU-CHARENTES
957;21090;ETDE SA
958;18978;ETPO
959;13683;ETS PINCHON ET FILS
960;20842;ETSB
961;21944;EURL ARCHITECTE EXPERT
962;23042;EURL SUPERMARCHE DU MOULIN VERT
963;23812;EURL Y SPORTS
964;10874;EUROGLAS
965;19104;EUROLEV
966;2121;EUROPEAN BANK FOR RECONSTRUCTION AND DEVELOPM
967;4248;EUROPEAN COMMISSION LIAISON OFFICE TO KOSOVO
968;23578;EUROVIA BOURGOGNE
969;19613;EVECHE DE NANTES
970;18922;EVEN LAIT INDUSTRIE
971;23739;EXAGONE
972;21973;F.INICIATIVAS
973;18993;FABIENNE BULLE ARCHITECTE & ASSOCIES
974;21898;FAIRCHILD 71
975;20900;FAUCHE BRETAGNE
976;23130;FAYAT BATIMENT
977;23410;FAYVALLEE SARL
978;19951;FENETRE A
979;21883;FERRE HOTEL
980;21864;FIGA
981;22937;FILY PROMOTION
982;20487;FINAMUR
983;21876;FINANCIERE BERNARD
984;18704;FINAS CONSULTING
985;21931;FLORENDI JARDIN
986;21307;FNAC LOGISTIQUE
987;22944;FONCIA GOLFE BLEU
988;23803;FONCIERDEC
989;23582;FONCIERE ATLAND
990;23525;FONCIERE DE PARIS
991;18334;FONTANEL PROMOTION 
992;22843;FOYER DU TOIT FAMILIAL
993;19278;FRANCE HABITATION
994;19054;FRANCE PIERRE
995;20064;FRANCE TELECOM
996;22943;FRED PETR ARCHITECTE
997;23435;FREY
998;21037;FT FDP CAMBRONNE
999;20646;GA ARCHITECTURE
1000;23061;GAEC ELEVAGE DE RESSY
1001;19297;GAIA ARCHITECTES
1002;23278;GALERIES LAFAYETTE 
1003;19655;GALLAIS CLAIRE ARCHITECTE
1004;21688;GAMBETTA
1005;22059;GANIL
1006;18328;GANOVA
1007;20894;GARCIA TRAITEUR
1008;21303;GARES ET CONNEXIONS
1009;21170;GARNIEL BATIMENT
1010;21053;GARREC GILDAS / APPERE ANGE-MARIE
1011;14815;GAUTIER
1012;21647;GCA
1013;21918;GCC
1014;18213;GEIE DU TUNNEL DU MONT-BLANC
1015;21734;GEIREC
1016;23102;GEL ALPES
1017;22480;GELF ROISSY LOGISTICS (FRANCE) SCI
1018;23724;GEM LE NOUVEAU CAP
1019;18813;GESO
1020;19077;GESTRIMELEC
1021;3651;GFC CONSTRUCTION
1022;21941;GIBOIRE SA
1023;22748;GIE CREDIT COOPERATIF
1024;18789;GINKEO
1025;23519;GMT
1026;19081;GRAIN DE MALICE
1027;19473;GRAND ANGOULEME
1028;23733;GRAND BESANCON HABITAT
1029;18691;GRAND CHALON
1030;20977;GRAND COGNAC COMMUNAUTE DE COMMUNES
1031;5108;GRAND LYON HABITAT
1032;4700;GRAND PORT MARITIME DU HAVRE
1033;22886;GRAND QUARTIER - C.CIAL
1034;19279;GRANDE CHANCELLERIE DE LA LEGION D'HONNEUR
1035;18896;GRANIOU FIBCOM (01)
1036;18820;GRANIOU FIBCOM (63)
1037;21266;GRAVIERE ET FOULON
1038;23771;GRDF
1039;21972;GRENKE LOCATION SAS
1040;5159;GRENOBLE ALPES METROPOLE
1041;4857;GROUPAMA
1042;23107;GROUPAMA IMMOBILIER
1043;23080;GROUPE AMBASSADE
1044;19374;GROUPE BEAUMANOIR
1045;22739;GROUPE BENAMOR 
1046;23319;GROUPE BERTO 77
1047;23221;GROUPE BERTO SCI BYP
1048;21805;GROUPE CASINO
1049;23227;GROUPE CHESSE
1050;20329;GROUPE DE WATOU
1051;20718;GROUPE FABER SA
1052;18975;GROUPE LAMOTTE
1053;19956;GROUPE LAUNAY
1054;23690;GROUPE LEGENDRE
1055;20133;GROUPE LEGRAND
1056;23561;GROUPE SCOLAIRE INTERPAROISSIAL
1057;22809;GROUPE SOS
1058;23433;GROUPE VINET
1059;22786;GROUPEMENT CEGELEC RESEAUX CENTRE EST
1060;19456;GRTGAZ
1061;21669;GSM
1062;4858;GTM BATIMENT ET GENIE CIVIL LYON
1063;23148;GTM OUEST
1064;22766;GTM SAINT HERBLAIN
1065;19105;GUIHENEUF ET FILS
1066;19214;GUINGAMP HABITAT
1067;20984;GUISNEL DISTRIBUTION
1068;22958;H.E.R.
1069;19258;HABITAT 17
1070;3489;HABITAT 25
1071;19365;HABITAT 29
1072;19202;HABITAT 35
1073;19349;HABITAT 44
1074;5300;HABITAT DE HAUTE ALSACE
1075;23795;HABITAT DE L'ILL
1076;23085;HABITAT ET HUMANISME 
1077;19575;HABITATION FAMILIALE
1078;23523;HABITATION MODERNE
1079;23772;HAPPY CHIC
1080;19372;HAPPYCHIC GROUP
1081;1826;HARFLEUR 2000 SA
1082;23609;HAUT DE MER SARL
1083;23430;HAUTS DE SEINE HABITAT - OPH
1084;21268;HECD
1085;19671;HECD
1086;23625;HELEXIA
1087;22794;HENDERSON GLOBAL INVESTORS
1088;22058;HERVE THERMIQUE (37)
1089;22796;HERVE THERMIQUE(16)
1090;23567;HILL INTERNATIONAL
1091;23358;HIPPIE CHIC SARL
1092;19328;HLM LES FOYERS
1093;18584;HLM LOGIS MEDITERRANEE
1094;21479;HMY FRANCE
1095;23580;HOLDING DUBOIS
1096;22606;HOLVIA PORC LAVAL
1097;23211;HONEYWELL SAFETY PRODUCTS AUTUN
1098;23512;HOPITAL DE BELNAY
1099;19227;HOPITAL DE JOSSELIN
1100;19274;HOPITAL DE LA ROCHELLE
1101;20443;HOPITAL DE MORTAIN
1102;19459;HOPITAL LOCAL DE CHATEAUNEUF
1103;18841;HOPITAL LOCAL DE CHAZELLES SUR LYON
1104;19259;HOPITAL LOCAL DE SAINT-MAIXENT L'ECOLE
1105;22951;HOPITAL LOCAL TOULON SUR ARROUX
1106;23725;HOPITAL NORD FRANCHE COMTE
1107;9030;HOSPICES CIVILS DE BEAUNE
1108;22962;HOTEL DES 3 MARCHANDS
1109;23345;HOTEL LA BOULE D'OR
1110;22016;HOTEL LA CROIX VERTE
1111;22797;HOTEL RESTAURANT DE LA BUTTE SAS
1112;22696;HOUYVET AURêLIEN
1113;21933;HVRF
1114;19093;HY-NUTRITION
1115;23802;HYDROKARST
1116;23215;HYPERADOUR SAS
1117;22963;HYPERMARCHES CARREFOUR FRANCE
1118;23723;HYPOCRATE DE LA SALETTE SARL
1119;21845;HYPRED
1120;21907;IAP ARCHITECTURE
1121;19299;ICADE
1122;22414;ICADE CONSEIL
1123;23629;ICAM
1124;19368;ICF ATLANTIQUE SA D'HLM
1125;19282;ICF LA SABLIERE SA HLM
1126;19003;ICF NOVEDIS
1127;23780;ID GROUP
1128;23781;ID KIDS
1129;23641;ID WAD
1130;19346;IDEFHI
1131;19373;IDGROUP
1132;23562;IEM - INSTITUT D'EDUCATION MOTRICE
1133;18284;IFSTTAR
1134;23475;IGC SERVICES
1135;12403;IKEA
1136;10134;IMERYS TC
1137;21890;IMHOTEP QUIBERON
1138;23652;IMMO CONTROLE
1139;21832;IMMO OUEST INVESTISSEMENT
1140;19294;IMMOBILIERE 3F
1141;23249;IMMOBILIERE CARREFOUR
1142;18628;IMMOBILIERE MEDITERRANEE 3F
1143;23799;IMMOBILIERE RHONE ALPES
1144;22777;IMMOCHAN
1145;23573;IMMOCHAN
1146;20321;IMMOFI 7
1147;22621;IMMORENTE
1148;19682;IN SITU ARCHITECTURE ENVIRONNEMENT
1149;23039;INAL - NOX INTERNATIONAL - AL (ALGERIE)
1150;23321;INCA - NOX INTERNATIONAL (CAMEROUN)
1151;23322;INCI - NOX INTERNATIONAL (COTE D'IVOIRE)
1152;7082;INDUSTEEL FRANCE
1153;18761;INEO RESEAUX EST - CRISSEY
1154;568;INEO RESEAUX SUD OUEST - TULLE
1155;23323;INFR - NOX INTERNATIONAL
1156;22773;INGERIS CONSULTING
1157;22975;INRA CENTRE RECHERCHE / DIJON
1158;23744;INRIA SIEGE
1159;23036;INRO - NOX INTERNATIONAL ROUMANIE
1160;23468;INRS VANDOEUVRE
1161;19536;INSTITUT DE GESTION SOCIALE DES ARMEES (IGESA)
1162;23136;INSTITUT DE METALLURGIE DU VAL DE FENSCH
1163;23256;INSTITUT DU BEAU JOLY
1164;23560;INSTITUTION SAINT-JOSEPH
1165;19133;INTER CONSEIL TRAVECO
1166;6043;INTERCONTROLE (AREVA)
1167;20769;INTERMARCHE BREST
1168;22792;INTERMARCHE GRANVILLE
1169;23132;INTERMEZZO
1170;23320;INTU - NOX INTERNATIONAL (TUNISIE)
1171;21984;IPAC
1172;6974;IRH INGENIEUR CONSEIL
1173;18643;ISERE AMENAGEMENT
1174;23612;ISII SAS
1175;23750;ISO TOP SA
1176;23157;IVG IMMOBILIER FRANCE
1177;23782;JACADI
1178;19052;JB DEVELOPPEMENT
1179;21900;JENNYFER
1180;23239;JJ ORY
1181;20960;JMB CONCEPT
1182;22608;JPF INDUSTRIE
1183;23775;JULES
1184;21921;KAEFER WANNER
1185;18722;KEDGE B S
1186;22602;KEGIN INGENIERIE
1187;5767;KEOLIS LYON
1188;19864;KERMARREC PROMOTION
1189;21998;KIDER STORE SOLUTIONS
1190;23665;KLEPIERRE
1191;23344;KORIAN
1192;9737;KOSTT
1193;23257;KRONOSPAN
1194;23258;KRONOSPAN
1195;18867;KVERNELAND GROUP
1196;21755;L'ARCHE LES SAPINS - ESAT
1197;22911;L'ATELIER DES COMPAGNONS
1198;22732;L'ATELIER DES COMPAGNONS
1199;22964;L'HERMINE2
1200;22053;L'HORSET DAVID ARCHITECTE
1201;23694;L'IMMOBILIERE EUROPEENNE DES MOUSQUETAIRES
1202;19033;LA CAROTECH
1203;21704;LA COMPAGNIE DE FORMATION
1204;18246;LA FABRIQUE D'ARCHITECTURE
1205;18751;LA FERTE IMBAULT
1206;22657;LA FONCIERE DE PARIS SIIC
1207;22251;LA MONDIALE
1208;20913;LA MONDIALE
1209;20275;LA MOTTE CONSTRUCTEUR
1210;19322;LA NANTAISE D'HABITATION
1211;3161;LA POSTE
1212;3880;LA POSTE
1213;19226;LA POSTE
1214;22611;LA POSTE - CENTRE DE COMPTABILITE FOURNISSEURS
1215;23204;LA POSTE BRIVE
1216;19384;LA POSTE CHARENTE
1217;19168;LA POSTE DI - CSPI DIJON
1218;19272;LA POSTE POITIERS
1219;20184;LA POSTE RENNES
1220;22851;LA VAPEUR DIJON
1221;21374;LABESSE-BELLE
1222;19012;LAFOSSE ET FILS
1223;21711;LAINE DELAU
1224;18304;LAITA
1225;23110;LAITERIES H TRIBALLAT
1226;23294;LAMBALLE COMMUNAUTE
1227;23143;LBBC BATIMENT
1228;21855;LE DUFF
1229;19008;LE FOYER D'ARMOR - GROUPE LB HABITAT
1230;1850;LE GRAND AUTUNOIS MORVAN
1231;21310;LE LIKES
1232;19284;LE LOGIS FAMILIAL MAYENNAIS
1233;19323;LE MANS HABITAT
1234;22596;LE TANNEUR
1235;19110;LEA ARCHITECTES
1236;22948;LECHEVALLIER & MONTEIL
1237;22793;LECLERC MOISSELLES
1238;19063;LEFEUNTEUN CONSTRUCTION
1239;19049;LEGENDRE CAROLINE
1240;23564;LEONARD BATIMENT
1241;23246;LEROY MERLIN
1242;11325;LEROY MERLIN
1243;21765;LEROY MERLIN BUCAREST
1244;22601;LES DELICES FERTOIS
1245;21939;LES P'TITES BOMBES
1246;20008;LES THERMES MARINS DE SAINT MALO
1247;1257;LIDL SI‘GE
1248;18183;LILLE METROPOLE
1249;23785;LILNAT
1250;23746;LINGCITY ILE DE FRANCE
1251;16064;LINGENHELD PAULETTE
1252;756;LIRELEC
1253;23333;LM WIND POWER 
1254;23789;LOCAPOSTE
1255;21999;LOCATRA
1256;19130;LOG EXTRAMUROS
1257;19288;LOGELIA CHARENTE
1258;18510;LOGEMLOIRET
1259;23473;LOGEVIE
1260;10566;LOGI EST
1261;20230;LOGI OUEST
1262;22625;LOGIDOME
1263;3680;LOGIREM
1264;18360;LOGIREP
1265;23651;LOGIS CEVENOL - OPH ALES AGGLOMERATION
1266;18910;LOGIS SOCIAL DU VAL D'OISE
1267;22722;LORIENT DEFENSE
1268;21438;LORIENT HABITAT
1269;23367;LORMATECH
1270;23103;LOUIS FRANCOIS
1271;19711;LYCEE BREQUIGNY RENNES
1272;19544;LYCEE CHATEAUBRIAND
1273;21821;LYCEE CLAIRE CHAMPAGNE
1274;21316;LYCEE HOTELIER SAINT JOSEPH  L'AMANDIER
1275;19766;LYCEE JACQUES CARTIER
1276;21850;LYCEE ST SAUVEUR REDON
1277;19289;LYCEE TECHNIQUE PROFESSIONNEL ST-JOSEPH L'AMANDIER
1278;6371;LYON METROPOLE HABITAT
1279;13555;LYON OLYMPIQUE UNIVERSITAIRE
1280;22057;M. ET MME AUDIER
1281;23631;M. LAIGNEAU
1282;23588;M. MADELENAT & MLLE. BARROCA
1283;19146;MACE
1284;23566;MACIF COA
1285;23244;MACIFIMO
1286;11812;MACON HABITAT
1287;23301;MADAME CLAIRE FAYE
1288;22925;MADAME LêNA CARIOU
1289;20867;MADIC
1290;23398;MAGASIN BIZBEE
1291;23397;MAGASIN JULES
1292;22967;MAHE CONSTRUCTION
1293;20742;MAHO BATIMENT
1294;23017;MAIF
1295;22938;MAIRIE AUTHUME
1296;20617;MAIRIE AZE
1297;11669;MAIRIE D'AIX EN PROVENCE
1298;2177;MAIRIE D'AMAGNEY
1299;4875;MAIRIE D'ANNONAY
1300;23334;MAIRIE D'ANSE
1301;22814;MAIRIE D'ANTIBRES JUAN LES PINS
1302;2007;MAIRIE D'ANTONY
1303;19035;MAIRIE D'ARGENTRE
1304;4876;MAIRIE D'ARNAS
1305;23291;MAIRIE D'ARS
1306;18095;MAIRIE D'ASQUINS
1307;10572;MAIRIE D'AUTUN
1308;23611;MAIRIE D'AZE
1309;19310;MAIRIE D'ECHIRE
1310;19040;MAIRIE D'ECOUFLANT
1311;18685;MAIRIE D'HYERES
1312;19200;MAIRIE D'OLIVET
1313;20400;MAIRIE D'YVRE LE POLLIN
1314;23515;MAIRIE DE BEAUCOUZE
1315;2892;MAIRIE DE BEAUNE
1316;23510;MAIRIE DE BEDEE
1317;23091;MAIRIE DE BELLAC
1318;4878;MAIRIE DE BELLEVILLE
1319;2941;MAIRIE DE BESSENAY
1320;23232;MAIRIE DE BILLE
1321;23615;MAIRIE DE BONDOUKOU
1322;19181;MAIRIE DE BONNETABLE
1323;21378;MAIRIE DE BOUESSAY
1324;19189;MAIRIE DE BOUGUENAIS
1325;20957;MAIRIE DE BOULOGNE BILLANCOURT
1326;1923;MAIRIE DE BOURBON-LANCY
1327;7041;MAIRIE DE BOURG EN BRESSE
1328;23482;MAIRIE DE BOURGBARRE
1329;19344;MAIRIE DE BOUVRON
1330;20331;MAIRIE DE BREC'H
1331;22669;MAIRIE DE BRECE
1332;4881;MAIRIE DE BRINDAS
1333;22856;MAIRIE DE BRIOUDE
1334;936;MAIRIE DE BRON
1335;19477;MAIRIE DE BUSSY SAINT GEORGES
1336;13483;MAIRIE DE CALUIRE
1337;23527;MAIRIE DE CASTRES
1338;21797;MAIRIE DE CESSON SEVIGNE
1339;10576;MAIRIE DE CHAGNY
1340;23287;MAIRIE DE CHALINDREY
1341;23156;MAIRIE DE CHAMROUSSE
1342;19235;MAIRIE DE CHANGE
1343;11707;MAIRIE DE CHAPONNAY
1344;4885;MAIRIE DE CHAPONOST
1345;4886;MAIRIE DE CHARENTAY
1346;23007;MAIRIE DE CHASSENEUIL SUR BONNIEURE
1347;19494;MAIRIE DE CHATEAUBOURG
1348;23021;MAIRIE DE CH∂TEAURENARD
1349;22898;MAIRIE DE CHAZELLES
1350;19343;MAIRIE DE CHERVES RICHEMONT
1351;22896;MAIRIE DE CLAIX
1352;5066;MAIRIE DE CLERMONT FERRAND
1353;22771;MAIRIE DE COGNIN
1354;23317;MAIRIE DE COMBOURG
1355;22776;MAIRIE DE CREST
1356;902;MAIRIE DE CROLLES
1357;11792;MAIRIE DE DECINES
1358;2902;MAIRIE DE DIGOIN
1359;23753;MAIRIE DE DIJON
1360;19450;MAIRIE DE DINEAULT
1361;23346;MAIRIE DE DOMPIERRE SUR YON
1362;19176;MAIRIE DE DOUARNENEZ
1363;19481;MAIRIE DE ECURAT
1364;19317;MAIRIE DE FEGREAC
1365;22746;MAIRIE DE FIRMINY
1366;19316;MAIRIE DE FLEAC
1367;21223;MAIRIE DE FORC+
1368;20985;MAIRIE DE FOUSSIGNAC
1369;6312;MAIRIE DE GENAS
1370;19578;MAIRIE DE GENSAC LA PALLUE
1371;2774;MAIRIE DE GLEIZE
1372;22919;MAIRIE DE GOND PONTOUVRE
1373;19547;MAIRIE DE GOUSSAINVILLE
1374;23729;MAIRIE DE GRANVILLE
1375;6314;MAIRIE DE GREZIEU
1376;22605;MAIRIE DE GUêMENê-SUR-SCORFF
1377;6768;MAIRIE DE HAUTE RIVOIRE
1378;23176;MAIRIE DE JASSANS-RIOTTIER
1379;7838;MAIRIE DE JOIGNY
1380;23614;MAIRIE DE KOUIBLY
1381;23584;MAIRIE DE LA BAZOGE
1382;20947;MAIRIE DE LA BRULATTE
1383;10177;MAIRIE DE LA BUISSE
1384;22854;MAIRIE DE LA GRAND COMBE
1385;22610;MAIRIE DE LA GRAVELLE
1386;19802;MAIRIE DE LA JUBAUDIERE
1387;8684;MAIRIE DE LANCIE
1388;23632;MAIRIE DE LANCIEUX
1389;23728;MAIRIE DE LANILDUT
1390;19567;MAIRIE DE LANNILIS
1391;22802;MAIRIE DE LAVAU
1392;23767;MAIRIE DE LESNEVEN
1393;22721;MAIRIE DE LIBOURNE
1394;22820;MAIRIE DE LIERGUES
1395;18657;MAIRIE DE LIMOGES
1396;23175;MAIRIE DE LOUISFERT
1397;19525;MAIRIE DE LOUVERNE
1398;19491;MAIRIE DE LOUVIGNE DU DESERT
1399;19364;MAIRIE DE MAGNY
1400;18589;MAIRIE DE MANDELIEU LA NAPOULE
1401;23600;MAIRIE DE MANDEREN
1402;2018;MAIRIE DE MAUREPAS
1403;19413;MAIRIE DE MAYENNE
1404;23529;MAIRIE DE MERAL
1405;19245;MAIRIE DE MESLAY DU MAINE
1406;11801;MAIRIE DE METZ
1407;11873;MAIRIE DE MEYRARGUES
1408;10334;MAIRIE DE MIRIBEL
1409;23259;MAIRIE DE MONTALIEU VERCIEU
1410;20570;MAIRIE DE MONTCHAUDE
1411;19437;MAIRIE DE MONTGERMONT
1412;4979;MAIRIE DE MONTLUEL
1413;18491;MAIRIE DE MONTROND LES BAINS
1414;22927;MAIRIE DE MONTROY
1415;23761;MAIRIE DE MORANGIS
1416;23366;MAIRIE DE MORSBACH
1417;19411;MAIRIE DE MOUTHIERS SUR BOEME
1418;13548;MAIRIE DE NEYDENS
1419;3683;MAIRIE DE NICE
1420;20460;MAIRIE DE NOELLET
1421;19537;MAIRIE DE NUILLE SUR VICOIN
1422;19360;MAIRIE DE PARIS
1423;2076;MAIRIE DE PARIS/STEGC
1424;22737;MAIRIE DE PEZENAS
1425;19518;MAIRIE DE PLERGUER
1426;19376;MAIRIE DE PLESSIS GRAMMOIRE
1427;23649;MAIRIE DE PLEUMELEUC
1428;19415;MAIRIE DE PLOMODIERN
1429;6330;MAIRIE DE POISY
1430;23179;MAIRIE DE PUY GUILLAUME
1431;677;MAIRIE DE RAMNICU VALCEA
1432;19504;MAIRIE DE REIGNAC
1433;6335;MAIRIE DE REYRIEUX
1434;8588;MAIRIE DE RIVERIE
1435;22876;MAIRIE DE RIVIERES
1436;8508;MAIRIE DE ROANNE
1437;23399;MAIRIE DE ROHAN
1438;23661;MAIRIE DE ROQUEVAIRE
1439;19464;MAIRIE DE ROSNY SOUS BOIS
1440;23070;MAIRIE DE ROULLET ST ESTEPHE
1441;19475;MAIRIE DE ROUMAZIERES
1442;19474;MAIRIE DE RUFFEC
1443;18298;MAIRIE DE RUMILLY
1444;11695;MAIRIE DE RUY MONTCEAU
1445;19506;MAIRIE DE SAILLAT SUR VIENNE
1446;6989;MAIRIE DE SAIN BEL
1447;6342;MAIRIE DE SAINT BONNET DE MURE
1448;23150;MAIRIE DE SAINT DOMINEUC
1449;23292;MAIRIE DE SAINT ELOY LES MINES
1450;23083;MAIRIE DE SAINT FLOUR
1451;10263;MAIRIE DE SAINT GENEST MALIFAUX
1452;18235;MAIRIE DE SAINT GENIS POUILLY
1453;19476;MAIRIE DE SAINT GILDAS DE RHUYS
1454;19185;MAIRIE DE SAINT GRAVE
1455;22965;MAIRIE DE SAINT JEAN DE MOIRANS
1456;23381;MAIRIE DE SAINT JORIOZ
1457;23719;MAIRIE DE SAINT JUST CHALEYSSIN
1458;6828;MAIRIE DE SAINT LAURENT DE MURE
1459;19490;MAIRIE DE SAINT MALO
1460;23242;MAIRIE DE SAINT MARCELLIN
1461;19480;MAIRIE DE SAINT MARS DU DESSERT
1462;19325;MAIRIE DE SAINT NAZAIRE
1463;19505;MAIRIE DE SAINT PREUIL
1464;6820;MAIRIE DE SAINT PRIEST
1465;23556;MAIRIE DE SAINT PROJET SAINT CONSTANT
1466;13490;MAIRIE DE SAINT SIMEON DE BRESSIEUX
1467;23666;MAIRIE DE SAINT YRIEIX SUR CHARENTE
1468;23318;MAIRIE DE SAINT-JOACHIM
1469;1922;MAIRIE DE SAINTE HELENE DU LAC
1470;22855;MAIRIE DE SAINTE SIGOLENE
1471;2115;MAIRIE DE SAINTS GEOSMES
1472;970;MAIRIE DE SALAISE SUR SANNE
1473;2912;MAIRIE DE SALLANCHES
1474;9177;MAIRIE DE SAVIGNY LES BEAUNE
1475;661;MAIRIE DE SECTEUR 2/BUCAREST
1476;22586;MAIRIE DE SELONGEY
1477;19337;MAIRIE DE SEQUEDIN
1478;19462;MAIRIE DE SERS
1479;22718;MAIRIE DE SEYNOD
1480;22689;MAIRIE DE SEYSSINET PARISET
1481;19572;MAIRIE DE SILLE LE GUILLAUME
1482;11803;MAIRIE DE SOLEYMIEUX
1483;13696;MAIRIE DE SOUZY
1484;19552;MAIRIE DE ST BERTHEVIN
1485;19527;MAIRIE DE ST CYR EN PAIL
1486;23087;MAIRIE DE ST GENIS D'HIERSAC
1487;23648;MAIRIE DE ST GILDAS DE RHUYS
1488;10068;MAIRIE DE ST JEAN DE BOURNAY
1489;19341;MAIRIE DE ST JOACHIM
1490;18889;MAIRIE DE ST LAURENT DE CHAMOUSSET
1491;23188;MAIRIE DE ST MEDARD SUR ILLE
1492;21870;MAIRIE DE ST QUENTIN LES ANGES
1493;22869;MAIRIE DE TANINGES
1494;10093;MAIRIE DE TARARE
1495;21349;MAIRIE DE TILLOU
1496;6349;MAIRIE DE TOURNON
1497;6350;MAIRIE DE TREVOUX
1498;19564;MAIRIE DE VAIGES
1499;20561;MAIRIE DE VARS
1500;6353;MAIRIE DE VAULX EN VELIN
1501;19175;MAIRIE DE VERTOU
1502;2921;MAIRIE DE VICHY
1503;5103;MAIRIE DE VIENNE
1504;8630;MAIRIE DE VILLEUBANNE
1505;11776;MAIRIE DE VILLEURBANNE
1506;10186;MAIRIE DE VIRIAT
1507;21352;MAIRIE DOUZAT
1508;21617;MAIRIE DU BIGNON DU MAINE
1509;23505;MAIRIE DU GRAND BORNAND
1510;18363;MAIRIE DU HAVRE
1511;19479;MAIRIE HELLEMMES
1512;21743;MAIRIE ILE D'ARZ
1513;20375;MAIRIE LA CHAPELLE THOUARAULT
1514;19566;MAIRIE LA FOREST LANDERNEAU
1515;13473;MAIRIE LA VERPILLIERE
1516;19451;MAIRIE LE LANDREAU
1517;22873;MAIRIE LES AVENIERES
1518;19538;MAIRIE LES CHAMPS GERAUX
1519;19559;MAIRIE LOCQUIREC
1520;19517;MAIRIE MALESTROIT
1521;19534;MAIRIE MILIZAC
1522;23643;MAIRIE MONTIGNAC
1523;19495;MAIRIE PLOUGUERNEAU
1524;18875;MAIRIE SEREZIN DE LA TOUR
1525;19417;MAIRIE ST JEAN SUR MAYENNE
1526;19558;MAIRIE ST THEGONNEC
1527;22736;MAIRIE TREVOU-TREGUIGNEC
1528;20519;MAIRIE VILLEPAIL
1529;20980;MAISON D'ACCUEIL SPECIALISEE "LE FRAICHE PASQUIER"
1530;20678;MAISON DE RETRAITE DE CAULNES
1531;23654;MAISON DE RETRAITE DE LA SOULTZMATT
1532;23377;MAISON DE RETRAITE LA GACILLY
1533;19339;MAISON DE RETRAITE PAUL CHAUVIN
1534;23557;MAISON DE RETRAITE SAINT-GABRIEL
1535;22901;MAISON FAMILIALE DE PROVENCE
1536;19402;MANCHE HABITAT
1537;23158;MANDATAIRE TERRA 13
1538;23119;MANGO
1539;23553;MANOX 4
1540;23554;MANOX 5
1541;22395;MARCEAU CONSTRUCTION
1542;22926;MARCEAU ESTATE
1543;23109;MARCEL BAEY
1544;23240;MARCIANO ARCHITECTURE
1545;23203;MARNE AU BOIS AMENAGEMENT SPL
1546;22832;MARNE ET CHANTEREINE HABITAT
1547;21756;MASSYRED
1548;21489;MBS
1549;23118;MCDONALDS
1550;22780;MCE OUEST
1551;23574;MECATEAM ASSIST OPERATING ABREV MAO
1552;22818;MEDDE DIR CENTRE EST
1553;20641;MEDICA FRANCE
1554;21219;MEDUANE HABITAT
1555;22978;MELLE ALLEAU ALEXANDRA
1556;18684;MEPSO
1557;1770;MERLIN GERIN ALPES
1558;18845;METALLERIE PHILIPPE GAUTHEY
1559;17153;METROPOLE DE LYON
1560;3520;METROPOLE DE NICE COTE D'AZUR
1561;1987;METZ HABITAT TERRITOIRE
1562;1072;METZ METROPOLE
1563;3984;MGE UPS SYSTEMS SAS
1564;291;MICHELIN
1565;23064;MIKKA SARL
1566;22779;MILLENNIUM
1567;23483;MILLET & CHILOU ARCHITECTES
1568;11864;MINDEF
1569;9742;MINISTERE DE DEFENCE- UM 02523
1570;23620;MINISTERE DE L EDUCATION NATIONALE BASSAM
1571;19217;MINISTERE DE L'ECONOMIE ET DES FINANCES
1572;20201;MINISTERE DE L'INTERIEUR
1573;19515;MINISTERE DE L'INTERIEUR / PREFECTURE DE POLICE
1574;19781;MINISTERE DE LA DEFENSE
1575;4013;MINISTERE DE LA DEFENSE
1576;10244;MINISTERE DE LA DEFENSE-CEPR
1577;19324;MINISTERE DE LA JUSTICE
1578;11320;MINISTERE DES AFFAIRES ETRANGERES
1579;20151;MINISTERE DES AFFAIRES ETRANGERES
1580;23619;MINISTERE DES SPORTS ABIDJAN
1581;22864;MINISTERE ECONOMIE ET DES FINANCES HAITI
1582;2118;Ministry of Science Industry and Technology
1583;20117;MISSENARD QUINT B
1584;19716;MMA
1585;20525;MME FIQUET SOPHIE
1586;20297;MME LEVRON  -  VIVAL
1587;23445;MOET & CHANDON CHAMPAGNE
1588;23668;MON LOGIS - GROUPE PLURIAL
1589;22884;MONSIEUR BOUILLAUD
1590;23658;MONSIEUR BUIN
1591;22970;MONSIEUR COHEN
1592;23013;MONSIEUR ET MADAME DREVON
1593;23478;MONSIEUR VINCENT NIVET
1594;23498;MONSIEUR YANNICK PANSARD
1595;324;MONTUPET CHATEAUROUX
1596;20745;MORBIHANNAISE DU BATIMENT
1597;19206;MORLAIX - SALLE OMNISPORT
1598;23041;MORSES
1599;23575;MOSELIS
1600;11634;MOULINS HABITAT
1601;19014;MR ET MME FAYE STEPHANE
1602;23153;MR ET MME LE GALLO
1603;20102;MR ET MME POULAIN
1604;23379;MR FABRICE COLLET
1605;22745;MR GATIGNOL
1606;19001;MR LEVEQUE
1607;19051;MR MENON ERIC
1608;23813;MR SYLVAIN ROCHE
1609;22666;MR ZADROZYNSKI PIERRE
1610;732;MUNCIPALITE FOCSANI
1611;696;MUNICIPALITE BRAILA/UAT
1612;20478;MUTUALITEDELACHARENTE
1613;22997;NA56 - NOX AMENAGEMENT
1614;22990;NAMO - NOX AMO
1615;19225;NANTES HABITAT
1616;19678;NANTES METROPOLE
1617;23545;NATURALPHA
1618;22615;NB RENOVATION
1619;23029;NE61 - NOX ENERGIE BOURGOGNE
1620;23028;NE63 - NOX ENERGIE AUVERGNE
1621;23030;NE65 - NOX ENERGIE RHONE ALPES
1622;1023;NEOLOR
1623;22609;NEOTOA
1624;18880;NEWDEV
1625;18557;NEXIMMO 42
1626;22052;NEXITY
1627;23058;NEXITY FONCIER CONSEIL
1628;18973;NEXITY GEORGES V
1629;23104;NEXITY IMMOBILIER ENTREPRISE
1630;13556;NEXITY NSPM
1631;19501;NEXITY PROPERTY MANAGEMENT
1632;23605;NEXITY QUIMPER
1633;22757;NIDEV
1634;18393;NIEVRE AMENAGEMENT
1635;18173;NIEVRE HABITAT
1636;23288;NORMAPRIM
1637;21810;NOTRE MAISON 
1638;10270;NOVADE
1639;22316;NOVAPIERRE 1
1640;23026;NOX ENERGIE AIN
1641;23033;NOXA - NOX CLEM NANTES
1642;21106;NOZ
1643;23140;NUMIDIS
1644;19007;NUTREA
1645;23009;NUVIA STRUCTURE
1646;22985;NX29 - NOX BREST
1647;22995;NX35 - NOX RENNES
1648;22993;NX44 - NOX NANTES 1
1649;22986;NX53 - NOX LAVAL
1650;23024;NX56 -NOX INGENIERIE LORIENT
1651;22992;NX67 - NOX LORRAINE
1652;22994;NX69 - NOX RHONE ALPES
1653;23031;NX70 - NOX FRANCHE COMTE
1654;22991;NX71 - NOX BOURGOGNE
1655;23032;NX73 - NOX PACA
1656;22987;NX75 - NOX ILE DE FRANCE
1657;23797;NXN1 - NXNE BOURGOGNE
1658;23796;NXN3 - NXNE AUVERGNE 
1659;23504;NXN5 - NXNE RHONE ALPES
1660;23074;O'REA
1661;22678;OBJECTIF HORIZON
1662;18970;OCDL
1663;3942;OFFICE AUXERROIS DE L'HABITAT
1664;21315;OFFICE PUBLIC DE L'HABITAT DE LA ROCHELLE
1665;19502;OFFICE PUBLIC HABITAT DE L'ORNE
1666;21667;OGEC
1667;23603;OGEC LE LIKES
1668;19897;OGEC LYCEE SACRE-COEUR
1669;19026;OGEC NANTES ERDRE
1670;18351;OISE HABITAT
1671;23783;OKAIDI
1672;21432;ONILLON
1673;19230;OPAC DE LOIRE ATLANTIQUE
1674;19330;OPAC DE TOURS
1675;6022;OPAC DU RHONE
1676;20472;OPAC EMERAUDE HABITATION
1677;23067;OPACSUD
1678;22897;OPH 37 DU VAL TOURAINE
1679;23138;OPH 53 - MAYENNE HABITAT
1680;22694;OPH 64
1681;22977;OPH 69 EST METROPOLE HABITAT
1682;19151;OPH 77
1683;19215;OPH DE L'ANGOUMOIS
1684;19453;OPH FIRMINY
1685;23466;OPH VAR HABITAT
1686;11643;OPHIS
1687;19309;OPHLM DE NANTERRE
1688;19549;ORANGE
1689;23599;ORANGE 
1690;23705;ORANGE 33
1691;16027;ORANGE METZ
1692;23245;ORFEO
1693;5368;ORT ITALIA SRL
1694;9263;ORVITIS - OFFICE PUBLIC DE L'HABITAT 21
1695;19353;OSICA
1696;22707;OUTSIGN ARCHITECTURE
1697;23784;OXYBUL EVEIL & JEUX
1698;18708;OXYMETAL SUD EST
1699;23766;P&LS
1700;21730;PACAULT
1701;23050;PACT PARIS-HAUTS DE SEINE
1702;23266;PANAFRANCE
1703;22915;PANORAMA CASH
1704;19205;PARC NATUREL REGIONALE DE BRIERE
1705;22245;PAREF SA
1706;19298;PARIS HABITAT
1707;21689;PARKER HANNIFIN MANUFACTURING FRANCE
1708;10777;PARTICULIERS DIVERS
1709;22500;PATRIMMO COMMERCE
1710;19123;PATRIMMO COMMERCE
1711;22369;PATRIMONIA ST DENIS C/O TELMMA
1712;22580;PAYS DE GRASSE COMMUNAUTE AGGLOMERATION
1713;23145;PAYS DE GRASSE DEVELOPPEMENT
1714;22573;PBI PACA
1715;13;PBTP
1716;21;PCA
1717;20078;PERFORMANCE PROMOTION
1718;10139;PERILLAT TP
1719;23034;PEROT
1720;22942;PERRET FêLIX ARCHITECTE
1721;4954;PERRIER TP
1722;20997;PERSONNIC
1723;23617;PETROCI
1724;22909;PHILIPPE HENOCQ ARCHITECTE
1725;22754;PIERRE & VACANCES
1726;21305;PIERRE PROMOTION
1727;6771;PINGUELY HAULOTTE
1728;19058;PINTO
1729;22514;PITCH PROMOTION
1730;22005;PLANCON
1731;23331;PLANET FIT SARL
1732;19140;PLAST ARCHITECTURE
1733;18788;PLECSA
1734;21471;PLMP
1735;545;PNEU LAURENT SNC
1736;18178;POLE AZUR PROVENCE
1737;20286;POLE EMPLOI BRETAGNE
1738;22629;POLE EMPLOI CINETIC
1739;21952;POLIMMO
1740;23425;PORT AUTONOME DE STRASBOURG
1741;19004;PORTALIS IMMOBILIER
1742;23807;PORTZAMPARC  - SOCIETE DE BOURSE
1743;3160;POSTE IMMO
1744;18749;POSTE ROUEN
1745;19273;PREFECTURE DE LA CHARENTE
1746;23206;PREFECTURE DE LA CHARENTE MARITIME
1747;20600;PREFECTURE DE LA MANCHE
1748;3194;PREFECTURE DE POLICE
1749;22648;PRêFECTURE DES HAUTS DE SEINE
1750;19315;PREFECTURE DU CALVADOS
1751;19347;PREFECTURE DU FINISTERE
1752;22468;PREIM DEFENSE
1753;19767;PRIMA CONSTRUCTION SAS
1754;21119;PRO DEVELOPPEMENT
1755;9157;PROCME
1756;5359;PROFIL FRANCE
1757;22815;PROJEDIS
1758;23375;PROMOLOGIS
1759;21532;PROMOTION IMMOBILIERE
1760;21951;PROMOVAL
1761;22204;PROTHIN SAS
1762;22571;PROVENCE GOUDRONNAGE
1763;20695;PSLGROUP
1764;20097;PUBLIEMBAL
1765;22665;PUY DU FOU
1766;23543;QUADRAN
1767;1465;QUALICONSULT
1768;19177;QUILLE CONSTRUCTION
1769;19029;QUIMPER COMMUNAUTE
1770;23788;RATP
1771;18238;RAZEL BEC
1772;56;RECTORAT DE DIJON
1773;22045;RECTORAT DE L'ACADEMIE DE RENNES
1774;22260;REDEVCO FRANCE SERVICES
1775;23216;REDMAN
1776;23101;REDMAN
1777;23205;REDMANN ASSET DEVELOPPEMENT
1778;2173;REGIE ANC PUISAYE-FORTERRE
1779;22954;REGIE AUTONOME DE PORT CAMARGUE
1780;4293;REGIE D'IMMEUBLES NEYRAT
1781;18800;REGIE DES REMONTEES MECANIQUES DE LANS EN VERCORS
1782;23633;REGIE DES SAISIES
1783;18793;REGIE MONTGENEVRE
1784;6091;REGIE NEYRAT
1785;3946;REGILAIT
1786;5394;REGION ALSACE
1787;23786;REGION AQUITAINE LIMOUSIN POITOU CHARENTE
1788;19257;REGION AQUITAINE LIMOUSIN POITOU-CHARENTES
1789;19221;REGION BRETAGNE
1790;22921;REGION BRETAGNE - RENNES
1791;2708;REGION DE FRANCHE COMTE
1792;19326;REGION DES PAYS DE LA LOIRE
1793;18096;REGION LORRAINE
1794;23572;REIMS HABITAT CHAMPAGNE ARDENNE
1795;19522;REIMS METROPOLE
1796;19792;REN INVESTISSEMENT
1797;9740;REN INVESTISSEMENTS
1798;23241;RENAUD DISTRIBUTION
1799;3018;RENAULT / LE PLESSIS ROBINSON
1800;18055;RENAULT COMMERCIAL ROUMANIE
1801;64;RENAULT FLINS
1802;61;RENAULT GUYANCOURT 78
1803;13939;RENAULT NISSAN
1804;4354;RENAULT NISSAN GUYANCOURT
1805;9073;RENAULT SA
1806;2317;RENAULT SAS RUEIL
1807;632;RENAULT TECHNOLOGIE ROMANIA
1808;6183;RENAULT TECHNOLOGIE ROUMANIE
1809;3045;RENAULT TECHNOLOGIE ROUMANIE
1810;1120;RENAULT TRUCKS
1811;23684;RENAULT TRUCKS DEFENSE
1812;1158;RENAULT VILLIERS ST FREDERIC
1813;19237;RENNES - MINISTERE JUSTICE
1814;13662;RENNES METROPOLE
1815;23198;RESEAU CANOPE
1816;23396;RESEAU CANOPE - SITE DE CAEN
1817;4649;RESEAU FERRE DE FRANCE
1818;11722;RESEAU FERRE DE FRANCE
1819;18547;RêSEAU FERRê DE FRANCE
1820;20852;RESIDENCES DE L ORLEANNAIS
1821;19300;RESIDENCES SOCIALES DE FRANCE
1822;23059;REUZEAU KARINE MAGASIN VIVAL
1823;22859;RIBEIRO CONSTRUCTION
1824;23212;RISOUL LABELLEMONTAGNE
1825;22730;RIVE DROITE SERVICES
1826;21884;RIVOALLAN
1827;19301;RIVP
1828;4903;ROGER MARTIN
1829;21825;ROUAULT FINANCES
1830;22506;ROUX COMBALUZIER SCHINDLER, SA
1831;7862;RTE CDI LILLE
1832;9127;RTE CDI LYON
1833;7860;RTE CDI MARSEILLE
1834;5973;RTE CDI NANCY
1835;7837;RTE CDI NANTES
1836;7857;RTE CDI PARIS
1837;7851;RTE CDI TOULOUSE
1838;7742;RTE GENERIQUE GIV CX630C4006
1839;7780;RTE GENERIQUE GIV CX631C4012
1840;9283;RTE GENERIQUE GIV CX632C4011
1841;2178;RTE GENERIQUE MCEL CX512T4003
1842;5965;RTE GENERIQUE MCELA CX519C4018
1843;7790;RTE GMR FOREZ VELAY
1844;5968;RTE GMR LYONNAIS
1845;7854;RTE GMR SAVOIE
1846;18631;RTE PARIS LA DEFENSE
1847;569;RTE RESEAUX DE TRANSPORT D'ELECTRICITE
1848;12824;S A S M
1849;23207;S.A. GAN ASSURANCES - TOUR DE BRETAGNE
1850;22598;S.C.I. DU CREDIT COOPERATIVE
1851;19574;S.I.A.E.P DE LA REGION DE LOUVERNE
1852;22999;S.P.I. 
1853;18195;S.T.O.R SOCIETE DES TELEPHERIQUES
1854;21429;S2I IMOCIA
1855;19286;SA HARMONIE HABITAT
1856;19242;SA HLM LE FOYER (16)
1857;22604;SA LES THERMES DE SAUJON
1858;18630;SA PARC DU FUTUROSCOPE
1859;23202;SA PLEYNEY
1860;18637;SA REGIONALE D'HLM
1861;20882;SA SODIBA
1862;21475;SA SODIREC
1863;23616;SAAD
1864;19400;SADIV
1865;21460;SAEBI
1866;23201;SAEM SPORTS ET TOURISME
1867;23731;SAEML SCIENTIPOLE AMENAGEMENT
1868;19222;SAEML TERRITOIRES CHARENTES
1869;19561;SAFI
1870;18104;SAFRAN
1871;23264;SAFRAN - SNECMA
1872;23798;SAG VIGILEC SAS
1873;21035;SAGEM DEFENSE SECURITE
1874;18791;SAGETS
1875;23779;SAGUENAY
1876;22945;SAINT JEAN
1877;19507;SAINT JUNIEN HABITAT OFFICE PUBLIC
1878;21453;SAINT-JEAN COMMUNAUTE
1879;19362;SAMO GROUPE SNI
1880;18724;SAN OUEST PROVENCE
1881;11850;SANEF
1882;21126;SANT ANGELO
1883;19610;SANTERNE MAYENNE
1884;23579;SANUELEC
1885;979;SAPN
1886;1929;SARA
1887;1183;SAREL - SAS
1888;23701;SARETEC
1889;18784;SARETEC FRANCE
1890;22056;SARIA GESTION
1891;23120;SARIA INDUSTRIES FRANCE
1892;23047;SARL  MANOX 3
1893;21974;SARL ABG
1894;19018;SARL ABOUD AMOR & FILS
1895;23374;SARL AOC
1896;23699;SARL ARELEC
1897;23324;SARL DOYEN
1898;22971;SARL ECK
1899;19048;SARL FAMILLE LOIRAT ASSOCIES
1900;20992;SARL FLONI
1901;22871;SARL G.N.S.
1902;23514;SARL HENRI SYLVIE SPAR
1903;23343;SARL HIPPIE CHIC
1904;23454;SARL HOTEL AFRICANA
1905;22617;SARL JONAKEN
1906;23248;SARL LA TOURVILLAISE
1907;20927;SARL LANVAUDANAISE
1908;20326;SARL LDM
1909;23461;SARL LE GOURVILY
1910;18989;SARL LES VOYAGEURS DE L'OUEST
1911;20676;SARL MAUDET
1912;21886;SARL NORMAND
1913;22092;SARL NOX
1914;22751;SARL PASSION VELO
1915;21958;SARL R2AE
1916;22769;SARL SEMAIV
1917;18998;SARL SRP
1918;23610;SARL SUPERETTE DE RECOUVRANCE
1919;22712;SARL TORRES
1920;23193;SARL UJAC
1921;23756;SARL UJB
1922;20629;SARL VALTOM
1923;23243;SARREGUEMINES CONFLUENCES HABITAT
1924;19440;SARTHE HABITAT
1925;22734;SAS ANGDIS
1926;21872;SAS BBR
1927;11791;SAS CARREFOUR PROPERTY
1928;22852;SAS CBR
1929;21981;SAS GRESTRA
1930;19881;SAS GROUPE LB
1931;21899;SAS GUERIF
1932;20571;SAS GUILLAUME QUELAIS
1933;23223;SAS IMMO KOUTIO
1934;21146;SAS LE FOLL TP
1935;22837;SAS LES CONSTRUCTIONS GHIZZO
1936;21736;SAS MARCEAU CONSTRUCTION
1937;21102;SAS MDF
1938;20311;SAS PROTEC
1939;23378;SAS SADEF
1940;23711;SAS SAINTE  BARBE 
1941;23596;SAS SAVOIE
1942;21439;SAS SERC
1943;23680;SAS SHEMA / FONCINVESTIS
1944;22024;SAS STO
1945;23339;SAS SWEETHOUSE - ALAN LE MAO
1946;22808;SAS TRENTE ORMEAUX DISTRIBUTION
1947;19407;SAT
1948;19224;SAUMUR LOIRE HABITAT
1949;13500;SAVILLS
1950;797;SAVOIE TECHNOLAC
1951;22874;SBME SA 
1952;21741;SCA OUTRE RADE SANTE
1953;20856;SCA VERTIGO
1954;22795;SCBM
1955;21955;SCCV ARENA
1956;19135;SCCV CAP EMERAUDE PROMOTION
1957;19136;SCCV CAP EMERAUDE SERVICES
1958;19015;SCCV DINASTY
1959;20866;SCCV DU "MAINE GEOFFROY"
1960;21006;SCCV DU GARLODIC
1961;22682;SCCV HAMEAU DES FOUGERES
1962;22037;SCCV L'AGORA
1963;21212;SCCV LA CHAPELLE SUR ERDRE ECODYS
1964;20450;SCCV LA COURROUZE D09
1965;19124;SCCV LA LANDE BOURNE
1966;19762;SCCV LES PLATANES
1967;19111;SCCV MANOX 1
1968;22068;SCCV MANOX 2
1969;23035;SCCV NANTES
1970;22051;SCCV O'RIZON
1971;23790;SCCV REGATA
1972;22825;SCCV SAINT HERBLAIN DEVELOPPEMENT
1973;21733;SCCV SOPPIM PAYS DE LOIRE
1974;19097;SCCV SYNERGIA
1975;19690;SCCV TERTIAIRE LA COURROUZE
1976;19134;SCCV VDC3
1977;3732;SCHNEIDER
1978;1743;SCHNEIDER AUTOMATION SAS
1979;8902;SCHNEIDER ELECTRIC FRANCE
1980;1755;SCHNEIDER ELECTRIC INDUSTRIES SAS
1981;105;SCHNEIDER ELECTRIC SA
1982;22907;SCHNEIDER ELECTRIC SFCME
1983;1901;SCHNEIDER ELECTRIC-LONGVIC
1984;1263;SCHOTT
1985;19000;SCI  ESPACE SANTE ST JEAN DE SOUDAIN
1986;21725;SCI 333
1987;22375;SCI 39 RUE DU COLISEE
1988;19172;SCI ACTIVITE COURRIER INDUSTRIEL
1989;23792;SCI ACTIVITES COURRIER DE PROXIMITE
1990;18872;SCI ARNOLD PROMOTION
1991;19042;SCI ATALANTE NOBEL
1992;21856;SCI BC HOLDINGS
1993;22310;SCI BERTE
1994;18991;SCI BONNARME
1995;19409;SCI BP
1996;23791;SCI BP MIXTE
1997;19393;SCI BP RENNES
1998;21000;SCI BPG
1999;20332;SCI BRUVER IMMO
2000;23209;SCI CEDAYA
2001;23769;SCI COLENTIN
2002;23048;SCI DE LA GARE
2003;22850;SCI DE LA GRANGE
2004;20750;SCI DES ALBIZIAS
2005;20130;SCI DGS
2006;22663;SCI DU CREDIT COOPERATIF
2007;22941;SCI DU GROUPE ISICA
2008;19150;SCI ESPACE SANTE GROISY
2009;22481;SCI EURONANTES
2010;21913;SCI EVOLUTION
2011;20062;SCI GAMA
2012;22469;SCI GUILLERAIS NANTERRE
2013;20125;SCI HALLES DE RECOUVRANCE
2014;22979;SCI HOTEL DIEU 
2015;20752;SCI HOTEL THALASSO DES DUNES
2016;19024;SCI IBU RIMAINS
2017;22486;SCI ILOT LAFAYETTE
2018;23214;SCI INTERPIERRE FRANCE
2019;21857;SCI ISAAC HOLDINGS
2020;22504;SCI ITO
2021;21633;SCI JEFFLO - SCI PENELOPE
2022;21806;SCI L'ARBALESTRILLE
2023;23012;SCI LA CHENAIE
2024;22929;SCI LA MADELEINE
2025;19085;SCI LA ROCHELLE 35
2026;19025;SCI LANESTER SEMBAT
2027;23538;SCI LAUMAR
2028;22234;SCI LE BRISTOL XII
2029;19043;SCI LOCATO
2030;23142;SCI MASH
2031;23183;SCI NEUFLIZE VIE IMMO
2032;21742;SCI OCEANE
2033;21236;SCI PLOUZANE AUTO
2034;23368;SCI PRONY BUREAUX
2035;19067;SCI REN LORIENT
2036;21239;SCI REN MONIER
2037;20448;SCI ROCHEBELLE
2038;20548;SCI SDG
2039;22955;SCI SOLENICO
2040;23517;SCI TERTIAIRE MIXTE 
2041;23052;SCI TOP EMERAUDE
2042;23090;SCI UNIBAT
2043;22231;SCI VENDOME BUREAUX
2044;18430;SCI VENDOME OUTLETS
2045;23184;SCIC COOP-LOGIS
2046;22587;SCIC HABITAT BOURGOGNE
2047;23075;SCOBAT- CHOLET
2048;18034;SCOUTS ET GUIDES DE FRANCE
2049;22488;SCPI ATOUR PIERRE DIVERSIFICATION
2050;22487;SCPI FRUCTIPIERRE
2051;23262;SCPI IMMORENTE - SOFIDY
2052;22447;SCPI INTERPIERRE
2053;22519;SCPI INVESTIPIERRE
2054;22352;SDC 18 RUE DE LA VILLE L'EVEQUE
2055;23144;SDC DU C.C DES ORIERES
2056;23200;SDC DU CC DES ORIERES
2057;22800;SDC MAISON RADIEUSE - CABINET BRAS
2058;23388;SDEDA
2059;22026;SDEGM
2060;21852;SDEL
2061;3164;SDEY - AUXERRE
2062;22816;SDFC MORANT
2063;18632;SDIS 33
2064;21708;SDIS 78
2065;19155;SDIS 91 ESSONNE
2066;23438;SDIS DU BAS RHIN
2067;19468;SDNH
2068;21927;SEBACO
2069;804;SEBL
2070;20089;SECIB
2071;22400;SECOMM
2072;3283;SEDD
2073;18172;SEEF
2074;23149;SEER GRIGNY VIRY
2075;21334;SELA
2076;19129;SELECTIRENTE
2077;19302;SEM 92
2078;18252;SEM SEDEV VARS & CREVOUX
2079;5071;SEM VAL DE BOURGOGNE
2080;18233;SEM VALLOIRE
2081;23462;SEMADS
2082;18969;SEMAEB 35
2083;2016;SEMAPA
2084;115;SEMCODA
2085;22008;SEMDAS
2086;19263;SEMIS
2087;22953;SEML HABITAT 06
2088;20654;SEMSA
2089;18620;SEMVAL
2090;812;SERL
2091;23159;SERVICE D'INFRASTRUCTURE DE LA DEFENSE
2092;22603;SERVICE DEPARTEMENTAL D'INCENDIE ET DE SECOURS DE 
2093;4455;SETEC
2094;4990;SETEC ALS
2095;19668;SETEC BATIMENT
2096;124;SF GARDY
2097;19118;SFR AUDIOPHONE
2098;23180;SGAMI EST
2099;23713;SGAMI OUEST
2100;23502;SGAMI SUD EST
2101;23449;SGAMI SUD OUEST
2102;23734;SGAP DE L'EST
2103;23309;SGAP DE MARSEILLE
2104;19351;SGAP OUEST
2105;19338;SGAP OUEST/DEL/BAI
2106;23747;SHAM
2107;18307;SI POUR LA GEOTHERMIE
2108;11639;SIA VALLEE DU SEREIN
2109;8528;SIABA
2110;7849;SIAEP  DE TOUCY
2111;22860;SIAEP ARGENTRê SUD
2112;22747;SIAEP DE SAINTE SUZANNE
2113;19580;SIAEP DES AVALOIRS
2114;19445;SIAEP DU CENTRE OUEST MAYENNAIS (2014)
2115;19444;SIAEP LOIRON (2013)
2116;3897;SICECO
2117;595;SIE AUXERROIS
2118;600;SIE DU TONNERROIS
2119;646;SIE-SERVICE D`INFORMATION EXTERNE
2120;23768;SIEHA
2121;19303;SIEMP
2122;23486;SIEPL PARIGNE-LANDEAN
2123;602;SIER D'AISY SUR ARMANCON
2124;7893;SIER D'ETIVEY
2125;605;SIER DE FLOGNY LA CHAPELLE
2126;601;SIER DE L' ARMANCON ET FORET D'OTHE
2127;608;SIER DE TOUCY
2128;598;SIER DE VENIZY
2129;596;SIER DU LOING
2130;597;SIER DU SEREIN
2131;599;SIER DU VRIN
2132;7725;SIERT DE PLOMBIERES LES DIJON
2133;8503;SIGERLY
2134;23100;SIGN ARCHITECTURE
2135;21634;SIMAGOT
2136;22895;SIRTAVA
2137;23426;SIS DU 1ER CYCLE DE NANCY
2138;21919;SITRUK
2139;19795;SIVOM DE L'AA
2140;23437;SIVOM DE L'ALZETTE
2141;23589;SIVOM DE LA REGION MULHOUSIENNE
2142;23422;SIVOM DE POUILLY FLEURY
2143;607;SIVOM DU GATINAIS
2144;23606;SIVOS DE SANCEY
2145;9259;SIVU DE GENOTTE
2146;18812;SIVU DES ROSSANDES
2147;2103;SIVU DU CREANTON ET DE LA BRUMANCE
2148;23748;SMABTP
2149;23014;SMADEOR
2150;22755;SMB
2151;22799;SMDT STATION DES ROUSSES
2152;22723;SMGETU
2153;21848;SMI
2154;19430;SMICTOM DU NAR
2155;23063;SMTC 63 - CLERMONT FERRAND
2156;19126;SNC BUSSY SAINT GEORGES LE SYCOMORE
2157;22510;SNC CITEFI
2158;21707;SNC COGEDIM RESIDENCE ON
2159;19954;SNC KAUFMAN ET BROAD
2160;23361;SNC NMP MERCURE
2161;22659;SNC SPACIA ET CIE
2162;22499;SNCF
2163;2626;SNCF
2164;2627;SNCF
2165;2835;SNCF
2166;19219;SNCF
2167;3994;SNCF
2168;1817;SNCF
2169;18050;SNCF - CAI SUD OUEST
2170;23692;SNCF - CSP CFO
2171;18697;SNCF - DIRECTION DES PROJETS FRANCILIENS
2172;4264;SNCF - GARES & CONNEXIONS
2173;23174;SNCF - TI DE ROUEN QUATRE MARES
2174;18806;SNCF / ACHERES
2175;23637;SNCF / SAINT DENIS
2176;22862;SNCF 93
2177;16039;SNCF ANTENNE REIMS
2178;6037;SNCF ATA
2179;18068;SNCF COMPTABILITE
2180;16034;SNCF DIRECTION DE L'IMMOBILIER
2181;9112;SNCF DIRECTION DE L'IMMOBILIER NORD
2182;9114;SNCF DIRECTION DE L'MMOBILIER IDF
2183;18832;SNCF DIRECTION DE LA TRACTION
2184;2984;SNCF DIRECTION PROJETS SYSTEME &INGENIERIE
2185;17551;SNCF DIRECTION REGIONALE PCA
2186;23542;SNCF ESBE IDF
2187;23500;SNCF FB ST DENIS PARIS 10
2188;18313;SNCF GARES ET CONNEXIONS PARIS 12E
2189;18242;SNCF GARES ET CONNEXIONS RENNES 35
2190;23597;SNCF HELLEMMES INFRAPOLE NORD EUROPEEN
2191;18414;SNCF INGENIERIE NORD PARIS
2192;23354;SNCF MOBILITES - CSP - CFO
2193;18253;SNCF POLE INGENIERIE NANTES
2194;23720;SNCF RESEAU - SCP - CFO
2195;18481;SNCF ROUEN
2196;210;SNCF SAINT-LAZARE
2197;13942;SNCF TECHNICENTRE PICARDIE
2198;2985;SNCF/INFRASTRUCTURE
2199;775;SNCTP - DIJON
2200;768;SNCTP - MACON
2201;23752;SNECMA
2202;23226;SNEF
2203;21694;SNEF NANTES
2204;4558;SNEP-CHALON SUR SAONE
2205;18540;SNI/ORLEANS
2206;19609;SO RE IM
2207;22728;SOBOTRAM / CRISSEY
2208;22590;SOCACHAL
2209;23528;SOCAD / BESANCON
2210;18844;SOCAREN
2211;22890;SOCCER RENNAIS
2212;19072;SOCI+T+ GOUPILLE LANDRIAU
2213;18364;SOCIETE D'AMENAGEMENT DE L'OISE
2214;21814;SOCIETE D'EXPLOITATION DES AEROPORTS DE RENNES ET 
2215;19885;SOCIETE DE BIENFAISANCE
2216;22840;SOCIETE VERTEX
2217;20849;SOCLOVA
2218;19098;SOCOMORE
2219;2188;SOCRI
2220;19304;SODEARIF
2221;1059;SODEVAM
2222;23151;SODICHAR
2223;23743;SODIMODIS HYPERMARCHE
2224;22858;SOFIDY IMMORENTE
2225;23735;SOFIDY SA
2226;22968;SOGEPROM
2227;23328;SOGETREL
2228;22729;SOGOOD
2229;18914;SOLETANCHE BACHY RUEIL
2230;22823;SOLTANI MEHDI
2231;23208;SOLYSTIC
2232;20870;SONADEV
2233;21600;SONADIVE
2234;13462;SORGEM
2235;6554;SOVAB-RENAULT
2236;23563;SPACIA & CIE
2237;23456;SPAR LARMOR PLAGE
2238;23170;SPIE BATIGNOLLES - SCGPM
2239;6006;SPIE EST
2240;9257;SPIE EST
2241;19753;SPIE PRESENCE
2242;21992;SPIE-OUEST
2243;18302;SPL ALES CEVENNES
2244;22857;SPL LYON CONFLUENCE
2245;18588;SPL SOPHIA
2246;23341;SPLA AIX EN PROVENCE
2247;22935;SPLA AREA PACA
2248;23484;SPLA LAVAL
2249;23431;SPLA RUEIL AMêNAGEMENT
2250;11870;SPLAAD
2251;23464;SPLM
2252;20748;SRB CONSTRUCTION
2253;18767;SRCI/LE CREUSOT
2254;19030;STAB
2255;18815;STARNET MOLDOVA
2256;23051;STE BOULEVARD VGE
2257;18744;STEMCOR/ST PRIEST
2258;23541;STEPHANE AUREL ARCHITECTURE SARL
2259;1544;STI
2260;22920;STRASBOURG PIERRE
2261;10259;STRATES
2262;19991;STUDIO 02
2263;23357;STUDIO ORY
2264;18214;STVI GROUPE COMPAGNIE DES ALPES
2265;19921;SUD OUEST CHAUFFAGE
2266;23686;SUDECO
2267;21187;SUDECO
2268;2074;SUN'R
2269;604;SYNDICAT D'ELECTRIFICATION REGION LANGROISE
2270;584;SYNDICAT DEPARTEMENTAL D'ENERGIE HAUTE MARNE
2271;22660;SYNDICAT DES COPROPRIETAIRES DU C.CIAL BIENVENU
2272;18391;SYNDICAT DES EAUX DE CRY - PERRIGNY
2273;20270;SYNDICAT DES EAUX DE LA HAUTE VILAINE (2010)
2274;20272;SYNDICAT DES EAUX DE LA HAUTE VILAINE (2012)
2275;19526;SYNDICAT DES EAUX DE LA HAUTE VILAINE (2013)
2276;19550;SYNDICAT DES EAUX DE LA HAUTE VILAINE (2014)
2277;19429;SYNDICAT INERCOMMUNAL TRISKOL
2278;1098;SYNDICAT INTERCOMMUNAL ASSAINISSEMENT LONGWY
2279;7028;SYNDICAT INTERCOMMUNAL D'ASSAINISST BREVENNE
2280;23487;SYNDICAT INTERCOMMUNAL DE L'ANZELIN
2281;19497;SYNDICAT INTERCOMMUNAL DES EAUX POTABLES DE MONTAU
2282;16061;SYNDICAT INTERCOMMUNAL EAU ASSAINIS FONTOY
2283;19587;SYNDICAT MIXE AGGLOMERATION GRANVILLAISE
2284;19247;SYNDICAT MIXTE CENTRE NORD ATLANTIQUE
2285;18865;SYNDICAT MIXTE DES STATIONS DU MERCANTOUR
2286;22021;SYNDICAT MIXTE DU PARC DE DEVELOPPEMENT ECONOMIQUE
2287;19164;SYNDICAT MIXTE DU POLE IMAGE - MAGELIS
2288;23351;SYNDICAT MIXTE PRODUCTION & DISTRIBUTION CHALEUR
2289;18564;SYNDICAT RIVIERE DES 4 VALLEES
2290;10306;SYRIBT
2291;8629;SYSTRA
2292;22753;SYTRAIVAL
2293;18693;T-MIX
2294;19375;TAPE A L'OEIL
2295;194;TEGC
2296;20622;TELECOM BRETAGNE
2297;21008;TELELEC RESEAUX
2298;22806;TEMPEOL
2299;21915;TERRE ET BAIE HABITAT
2300;18177;TERRENA
2301;19038;TERRENA INNOVATION
2302;22996;TERRITOIRE 25
2303;23671;TETHYS
2304;23777;TETHYS
2305;2080;THALES AVIONICS
2306;19548;THE KASE
2307;1564;THERMODYN
2308;205;THERMODYN SAS
2309;22472;THOR PROPERTIES LLC
2310;21727;THOUEMENT
2311;22972;THREALESTATE
2312;22888;TIAA HENDERSON REAL ESTATE
2313;23222;TOKHEIM SERVICES FRANCE SAS DTCE
2314;20832;TOPOS ARCHITECTURE
2315;23152;TOTAL MARKETING SERVICES
2316;23307;TOTAL/NANTERRE
2317;18740;TRANSPORTS GUISNEL
2318;23057;TRENDY CASH SARL
2319;23458;TRIODOS FINANCES BV
2320;23457;TROUSSIER SANDRA 
2321;18361;TROYES HABITAT - OPH DE TROYES
2322;22801;TULLE'AGGLO
2323;22268;UBS REAL ESTATE KAG
2324;19533;UDAF 16
2325;22404;UIR DEVELOPMENT FRANCE
2326;22717;UNICON
2327;22246;UNION INVESTMENT REAL ESTATE GMBH
2328;23300;UNITE MILITAIRE 02542 FOCSANI
2329;18733;UNIVERSCIENCE
2330;22577;UNIVERSITE AIX-MARSEILLE
2331;23369;UNIVERSITE DE LORRAINE
2332;4355;UNIVERSITE DE LYON
2333;22878;UNIVERSITE DE NICE SOPHIA ANTIPOLIS
2334;23131;UNIVERSITê DE PARIS DECARTES
2335;23558;UNIVERSITE DE REIMS CHAMPAGNE ARDENNE
2336;19207;UNIVERSITE DE RENNES 1
2337;23380;UNIVERSITE STRASBOURG
2338;23089;URBANICA
2339;23492;USID DIJON / AUTUN
2340;19075;USID ROCHEFORT
2341;23114;UXELLO
2342;18878;V2G PAYSAGES
2343;22624;VAL D'ISERE AGENCE
2344;19305;VAL D'OISE HABITAT
2345;19397;VAL DE GARONNE AGGLOMERATION
2346;21726;VALCOR
2347;3760;VALENCE ROMANS DEPLACEMENTS
2348;16060;VALEO
2349;20656;VALLET DE MARTINIS
2350;19452;VALLOIRE HABITAT
2351;19306;VALOPHIS HABITAT - OPH DU VAL DE MARNE
2352;23040;VALVITAL
2353;19563;VANNES AGGLO
2354;21583;VEOLIA EAU
2355;22877;VEOLIA EAU - CGE
2356;23546;VEOLIA ENERGIE ROMANIA
2357;22003;VERMOESEN
2358;23079;VESTEY FOODS PRODUCTION
2359;22980;VET'CLEAN SARL
2360;7030;VIENNAGGLO
2361;22914;VILLAVERDE MONTCEAU
2362;7853;VILLE  D'AUXERRE
2363;1932;VILLE  DE THIONVILLE
2364;23598;VILLE D'ACIGNE
2365;22632;VILLE D'ALIZAY
2366;19307;VILLE D'AMILLY
2367;19521;VILLE D'ANGOULEME
2368;3522;VILLE D'ANTIBES JUAN LES PINS
2369;23488;VILLE D'AUVERS LE HAMON
2370;23706;VILLE D'ECULLY
2371;23808;VILLE D'EPINAL
2372;19586;VILLE D'EPINAY SUR SEINE
2373;22630;VILLE D'ERAGNY
2374;22647;VILLE D'êVRY
2375;22829;VILLE D'ORLêANS
2376;23576;VILLE DE BEHREN LES FORBACH
2377;19287;VILLE DE BOESEGHEM
2378;22772;VILLE DE BOULOGNE BILLANCOURT
2379;23508;VILLE DE BRAINS
2380;19448;VILLE DE BREST
2381;19248;VILLE DE BRIGNOGNAN-PLAGES
2382;19500;VILLE DE BUSSY ST GEORGES
2383;18690;VILLE DE CHALON SUR SAONE
2384;18848;VILLE DE CHAMBRAY LES TOURS
2385;23718;VILLE DE CHARLEVILE MEZIERES
2386;23727;VILLE DE CHATEAU DU LOIR
2387;19511;VILLE DE CHATEAUNEUF DU FAOU
2388;19426;VILLE DE CLAMART
2389;23134;VILLE DE CLICHY LA GARENNE
2390;23595;VILLE DE COLMAR
2391;23081;VILLE DE COMBRIT SAINTE MARINE
2392;23424;VILLE DE COMMERCY
2393;19964;VILLE DE COUERON
2394;18485;VILLE DE COURCOURONNES
2395;23674;VILLE DE DAMBACH LA VILLE
2396;19249;VILLE DE DEAUVILLE
2397;19401;VILLE DE DINARD
2398;23217;VILLE DE DOLUS D'OLERON
2399;23419;VILLE DE DOMBASLE
2400;22831;VILLE DE DRANCY
2401;23124;VILLE DE FONTENAY AUX ROSES
2402;22830;VILLE DE FRELINGHIEN
2403;22649;VILLE DE GAGNY
2404;23432;VILLE DE GARGENVILLE
2405;21692;VILLE DE GARGES LES GONESSE
2406;22579;VILLE DE HUNINGUE
2407;23496;VILLE DE JONZAC
2408;21589;VILLE DE LA BAULE ESCOUBLAC
2409;23350;VILLE DE LA GARENNE COLOMBES
2410;19250;VILLE DE LA MONTAGNE
2411;11830;VILLE DE LANGRES
2412;19422;VILLE DE LAVAL
2413;23219;VILLE DE LESME
2414;19569;VILLE DE LONGNES
2415;22578;VILLE DE MABLY
2416;11848;VILLE DE MALAKOFF
2417;18586;VILLE DE MARSEILLE
2418;23348;VILLE DE MEAUX
2419;23310;VILLE DE MIRECOURT
2420;18895;VILLE DE MOIDIEU DETOURBE
2421;23178;VILLE DE MONTCEAU-LES-MINES
2422;23404;VILLE DE MONTIGNY LE BRETONNEUX
2423;19493;VILLE DE MONTREUIL
2424;19182;VILLE DE MORTAGNE SUR SEVRE
2425;23385;VILLE DE MOULINS LES METZ
2426;23440;VILLE DE NANCY
2427;19540;VILLE DE NIMES
2428;19193;VILLE DE PARIS
2429;2124;VILLE DE PARIS
2430;19308;VILLE DE PARIS - DIRECTION DES AFFAIRES CULTURELLE
2431;23252;VILLE DE PARIS - DIRECTION DES ESPACES VERTS 
2432;13951;VILLE DE PARIS/DIRECTION DES ACHATS
2433;19581;VILLE DE PLOURIN LES MORLAIX
2434;20502;VILLE DE POITIERS
2435;18886;VILLE DE PONT SUR YONNE
2436;19424;VILLE DE QUIMPER
2437;19439;VILLE DE REIMS
2438;23717;VILLE DE REMILLY
2439;19197;VILLE DE RENNES
2440;23679;VILLE DE REVIN
2441;21588;VILLE DE REZE
2442;23507;VILLE DE ROHRBACH LES BITCHE
2443;18311;VILLE DE ROUEN
2444;21144;VILLE DE ROUEN
2445;21654;VILLE DE SAINT HERBLAIN
2446;19859;VILLE DE SAINT MELOIR DES ONDES
2447;22633;VILLE DE SAINT OMER
2448;23251;VILLE DE SAINT-AMAND-LES-EAUX
2449;18174;VILLE DE SENS
2450;23164;VILLE DE ST APOLLINAIRE (21)
2451;23479;VILLE DE ST DIZIER
2452;23418;VILLE DE ST ETIENNE LES REMIREMONTS
2453;22585;VILLE DE ST ROMAIN DE JALIONAS
2454;23401;VILLE DE STENAY
2455;22957;VILLE DE TOURNUS
2456;23506;VILLE DE TROYES
2457;21218;VILLE DE VICHY
2458;19588;VILLE DE VIGNEUX SUR SEINE
2459;23638;VILLE DE VOUZIERS
2460;23439;VILLE DE XONRUPT LONGEMER
2461;21243;VILLE DU CROISIC
2462;22683;VILLE DU RELECQ KERHUON
2463;23549;VILLE EUROMETROPOLE DE STRASBOURG
2464;23745;VILLE LES PENNES MIRABEAU
2465;23133;VILLE LES ULIS
2466;19165;VILOGIA
2467;22868;VILQUIN
2468;22778;VILQUIN GROUPE FAYAT
2469;1417;VINCI CONSTRUCTION
2470;2164;VINCI CONSTRUCTION TERRASSEMENT
2471;16833;VINCI CONSTRUCTION TERRASSEMENT ALTEA
2472;22276;VIRGIN STORES
2473;19209;VITRE COMMUNAUTE COMMUNAUTE D'AGGLOMERATION
2474;23141;VIVAL LANVOLLON TK 347
2475;19034;VIVAL QUEDILLAC - SARL CELD
2476;2617;VOIES NAVIGABLES DE FRANCE
2477;6122;VOLVO
2478;5392;VOSGELIS
2479;23663;VTG FRANCE SAS
2480;23231;WALTEFAUGLE SAS
2481;22507;WESTINVEST GESELLSCHAFT F_R  INVESTMENTFONDS MBH
2482;22482;WESTINVEST GESELLSCHAFT FUR INVESTMENTFONDS MBH
2483;21966;WZ CONSTRUCTIONS
